latitude,longitude
-38.37667,178.1708433
-38.35175333,178.199855
-38.35175333,178.199855
-38.32409833,178.1558633
-38.45302778,177.6746861
-38.52941667,177.6058217
-38.53452,177.5516867
-38.570145,177.45362
-38.60249167,177.4313117
-38.628195,177.475775
-38.67720167,177.6066183
-38.71952167,177.600355
-38.72919,177.5927917
-38.851625,177.6613667
-38.851625,177.6613667
-38.84911833,177.674495
-38.87335833,177.7494283
-38.71440667,177.8715383
-38.72841389,177.5968528
-38.833745,177.5175083
-38.827295,177.5152683
-38.88141833,177.4867717
-38.88826,177.4956267
-38.79355333,177.7802133
-38.72819667,177.847495
-38.40733833,178.1010183
-38.40804833,178.0989883
-38.39102167,178.1196417
-38.11453,178.2936233
-38.11205167,178.2848867
-38.51023333,178.0442
-38.51023333,178.0442
-38.50543667,178.06669
-38.42321667,178.0910517
-38.35807167,178.23038
-38.30292667,178.255345
-38.12266167,178.2972017
-38.46267167,178.0230117
-38.54611333,178.0062483
-38.59004,177.71007
-38.57259667,177.7392333
-38.34923708,178.2488909
-38.34888639,178.2534455
-38.68591375,177.8698657
-38.66170556,178.0319056
-38.66165833,178.0319528
-38.66165833,178.0319528
-38.66158611,178.0320139
-38.64988056,178.0328667
-38.66479444,178.0317083
-38.66506944,178.0314167
-38.34618167,178.0506683
-45.901286111111,170.48802222222
-45.901241666667,170.48814444444
-45.901252777778,170.48814444444
-45.901263888889,170.48815833333
-45.901255555556,170.48815833333
-45.901416666667,170.48783888889
-45.901244444444,170.48814444444
-45.904055555556,170.49568055556
-45.90243833016,170.49273582584
-43.5119352,172.709506
-45.868362863423,170.5974201192
-45.87002703163,170.59908565982
-45.866858333333,170.51440555556
-45.856084950588,170.52329970662
-45.855974838071,170.52336036633
-45.856168546081,170.52327518466
-45.856144276425,170.52321710627
-45.900502777778,170.51826388889
-45.870166650004,170.74127471228
-45.901572222222,170.51834166667
-45.901622222222,170.518325
-45.901474250969,170.51822964836
-45.9085101,170.4928822
-45.9085104,170.4928705
-45.8948608,170.5017344
-45.8948608,170.5017344
-45.907031288774,170.49183786855
-45.907248460183,170.49126420211
-45.907125050028,170.4916653977
-45.906959716542,170.49192791618
-45.907093716705,170.49165006814
-45.903054419383,170.49502137275
-45.897219032046,170.48055000788
-45.905506767555,170.49538829279
-45.904805425986,170.49477551909
-45.9053850174,170.49559799883
-45.50417008678,170.1249830032
-45.504135866643,170.12485489344
-36.910625920058,174.69129491247
-36.910625920058,174.69129491247
-36.909541666667,174.69471666667
-36.909347222222,174.69465555556
-45.872906,170.503869
-45.872848,170.503927
-41.274860351912,173.28291177134
-41.272990453082,173.27975843717
-41.272553779274,173.28090273061
-41.276195384809,173.28142907408
-41.2653460905,173.27259486356
-41.274046723975,173.28086625632
-41.271922228975,173.27655671385
-41.274231392541,173.28106435295
-41.274093178558,173.28086146705
-41.272424482834,173.28120659547
-41.272313784055,173.28093528495
-41.274174351637,173.27955463378
-41.2813874673,173.27915809765
-41.272028754552,173.275439188
-41.266343263148,173.27160772591
-41.290415935743,173.26855449787
-41.290384360751,173.26850015928
-41.290323478135,173.26851886221
-37.994809365713,175.19332288075
-37.994809365713,175.19332288075
-38.004360592046,175.19489146173
-38.004360592046,175.19489146173
-38.328764474653,175.15853062983
-38.328764474653,175.15853062983
-38.332206054519,175.16548773694
-38.325653891575,175.15352951591
-38.325000615049,175.15306660623
-38.325214607357,175.15320533531
-38.331368911334,175.16574208248
-38.331368927849,175.16573860999
-38.33137856249,175.16575210729
-38.33268645936,175.16634325915
-38.332714531954,175.1664252145
-38.328772350428,175.15856321065
-38.328782525098,175.15855774299
-38.19547195578,175.20497963004
-38.300871535951,175.14547691932
-38.300904436844,175.14546252156
-38.30086949895,175.14543969791
-41.404222717322,173.04080772719
-41.404254812652,173.04079397969
-37.80588,175.29525833333
-37.814047181435,175.29328297243
-37.807878333333,175.298845
-37.805271666667,175.311905
-37.794155,175.29025333333
-37.7938,175.289995
-37.791133333333,175.28906333333
-37.789108333333,175.28675833333
-37.790563333333,175.288405
-37.7876597,175.2767808
-37.7875472,175.2768915
-37.7875452,175.2769001
-37.7875425,175.2768894
-37.7875558,175.2768969
-37.662409815866,175.14547291709
-37.662343072391,175.1463314989
-38.18625573618,175.20156419876
-38.186,175.202
-38.186313887289,175.20152127333
-38.192424403798,175.20865715766
-38.191785979031,175.20864462243
-38.192464088564,175.20858064114
-38.195706535058,175.20480735034
-38.195719997896,175.20477218804
-38.195144456768,175.20576261529
-38.191888948314,175.20538381771
-38.191739047015,175.20452262021
-38.191457601155,175.20402796092
-38.307802894522,175.15077031286
-38.307745538655,175.15005086838
-38.307719172614,175.14922365898
-38.307764841493,175.14845029843
-38.308833753314,175.14594544151
-37.994848201476,175.19360672192
-37.994819581453,175.19326589486
-38.181372250428,175.20519015376
-38.181388123044,175.20519783177
-36.761230335424,174.59279922581
-37.794219684493,175.28992254564
-37.793821778054,175.29006292796
-37.793861096635,175.29013502538
-37.794370857395,175.28995486688
-38.071338910748,175.1777070284
-38.071658493159,175.17630879214
-37.793547897635,175.28990459645
-37.793317730574,175.2903764976
-37.792502380943,175.2902205942
-37.791382181493,175.28967568667
-37.791661969421,175.28947091678
-37.79043808583,175.28810868987
-37.790305484121,175.28815126994
-37.78323,175.275856
-37.692351558441,175.15198458829
-37.923852777778,175.54022222222
-37.923830555556,175.54022222222
-38.32883,175.1587055
-36.786971666667,174.5682
-36.786973333333,174.56819666667
-36.786966666667,174.56819833333
-37.413944444444,175.77154444444
-37.421091666667,175.73069722222
-37.413997222222,175.77163611111
-37.414044444444,175.77171388889
-37.414044444444,175.77171388889
-37.421091666667,175.73069722222
-37.421091666667,175.73069722222
-37.794088614208,175.29026191698
-37.794116477406,175.2902897396
-39.5414917,176.9057759
-39.54136297,176.911803
-39.54323861,176.9072831
-39.54295136,176.9065312
-39.53878356,176.9035292
-39.53868947,176.9087933
-39.54546556,176.9087902
-39.54271064,176.9178289
-39.54074239,176.9133096
-39.53744906,176.9140844
-39.54189383,176.9118031
-39.54084758,176.9050264
-39.54114264,176.9148153
-39.54288514,176.9125559
-39.54234139,176.9087904
-39.54049797,176.9038176
-39.5443907,176.913308
-39.5382812,176.915567
-39.53931442,176.9065318
-39.54308456,176.9159193
-39.53795586,176.9171899
-39.54140708,176.9155661
-39.54441106,176.9110484
-39.53937139,176.917073
-39.53917983,176.9133091
-39.54178936,176.9102942
-39.53894131,176.91105
-39.54006886,176.9056043
-39.53991667,176.9057758
-39.53815878,176.9110499
-39.54474861,176.9064952
-39.54166958,176.9143163
-39.543146,176.9125546
-39.53858995,176.9170733
-39.54467211,176.9110491
-39.53799217,176.9118023
-39.54349845,176.9072829
-39.54123506,176.9051421
-39.5388917,176.9095405
-39.54142417,176.9043923
-39.54333131,176.9186618
-39.54341664,176.9125554
-39.53755125,176.9170731
-39.53998317,176.9110491
-39.54556897,176.9109781
-39.53866514,176.9102958
-39.54296339,176.9185662
-39.539422,176.9095453
-39.54032192,176.9118027
-39.53741325,176.9144967
-39.54100136,176.9133096
-39.53981025,176.9118024
-39.54076517,176.9110486
-39.54078211,176.9056638
-39.54193531,176.9072843
-39.54305122,176.916317
-39.542498,176.9170739
-39.54266714,176.9118012
-39.54474889,176.9140594
-39.54363242,176.9110501
-39.53833045,176.9170729
-39.53994247,176.9095443
-39.54558095,176.9072841
-39.54363436,176.9057881
-39.54222492,176.9153659
-39.54384058,176.9163197
-39.54460603,176.9178226
-39.54211845,176.9050224
-39.54020839,176.9056368
-39.5417542,176.9057768
-39.54472183,176.9125538
-39.53823564,176.9087954
-39.54479336,176.9163634
-39.54310145,176.9102958
-39.50338972,176.7572981
-39.50380806,176.7548181
-39.53927903,176.9118016
-39.54102536,176.9110489
-39.54223778,176.917074
-39.54312325,176.9087891
-39.54018303,176.9163198
-39.54202853,176.9095435
-39.53769625,176.9110907
-39.53998622,176.9035179
-39.54396497,176.9140613
-39.54527722,176.9118016
-39.54518675,176.9102953
-39.53777817,176.9100485
-39.54006997,176.911803
-39.54201461,176.9183633
-39.54515839,176.912556
-39.54010333,176.9155676
-39.54401764,176.9148136
-39.544853,176.9080371
-39.5394937,176.9039889
-39.5415292,176.9102949
-39.04065222,177.3890357
-39.04065395,177.3890397
-39.04063561,177.3862948
-39.04063422,177.3862999
-39.04077953,177.385938
-39.03827745,177.3911434
-39.02507392,177.4224444
-39.0250737,177.4224429
-39.02456061,177.4211844
-39.02306345,177.4175526
-39.02256322,177.4171942
-39.02256397,177.4171947
-39.02292728,177.4181981
-39.02872283,177.4239629
-39.0275102,177.4230613
-39.02840497,177.4237567
-39.02835447,177.4234502
-39.02633931,177.422759
-39.02634014,177.4227607
-39.02502042,177.4211995
-39.02502106,177.4212001
-39.51290789,176.8930431
-39.51290717,176.8930451
-39.51290456,176.8930473
-39.51317611,176.8927927
-39.51317539,176.8927925
-39.51382858,176.8933323
-39.51383806,176.8933404
-39.02409239,177.4172351
-39.51458136,176.8938441
-39.02507489,177.4171134
-39.51458383,176.8938464
-39.02670133,177.4162044
-39.51458683,176.8938823
-39.02670306,177.4162056
-39.51462117,176.8938631
-39.02670475,177.4162049
-39.51463256,176.8938585
-39.02674497,177.4162539
-39.51463611,176.8938581
-39.02674336,177.4162548
-39.51463575,176.8938571
-39.02674486,177.4162549
-39.51463714,176.8938528
-39.02403031,177.4163106
-39.51473853,176.8937973
-39.0239877,177.4166973
-39.52888981,176.903297
-39.02378361,177.4176158
-39.52889078,176.9032966
-39.02378183,177.4176237
-39.52889461,176.9032905
-39.02378511,177.4176246
-39.52889672,176.9032973
-39.02378253,177.4176235
-39.5288947,176.9032989
-39.02378203,177.4176301
-39.52889797,176.9032927
-39.02378308,177.4176286
-39.52890047,176.9032939
-39.52788928,176.9025608
-39.52680203,176.9020528
-39.52594642,176.9014317
-39.52593711,176.9014385
-39.52573642,176.9011055
-39.5292902,176.9045982
-39.52996017,176.9052172
-39.53046678,176.9056467
-39.53046661,176.9056472
-39.53046733,176.9056448
-39.52121458,176.8804117
-39.52122381,176.880413
-39.52113333,176.879418
-39.52113545,176.8794121
-39.52147245,176.8814188
-39.52147056,176.8814191
-39.52146758,176.8814201
-39.52146878,176.8814187
-39.52146781,176.8814156
-39.5218537,176.8833779
-39.52185278,176.8833789
-39.52185386,176.8833787
-39.51619739,176.8866705
-39.51619875,176.8866652
-39.5162047,176.8866634
-39.51620339,176.8866639
-39.51620253,176.8866645
-39.51620233,176.8866618
-39.51620258,176.8866637
-39.51623583,176.8865438
-39.51623486,176.8865447
-39.51634642,176.8868678
-39.51641445,176.8868015
-39.51520025,176.8862471
-39.51519825,176.8862463
-39.51519825,176.8862465
-39.51519872,176.8862493
-39.51520086,176.8862419
-39.5174135,176.8980135
-39.51741617,176.8980134
-39.51741695,176.8980136
-39.51752808,176.8978168
-39.51752883,176.8978131
-39.51752825,176.8978144
-39.51752739,176.8978116
-39.51752547,176.8978149
-39.51752703,176.8978125
-39.52906317,176.9032598
-39.52906242,176.9032653
-39.52906281,176.9032654
-39.52906345,176.9032671
-39.52904528,176.9033274
-39.52904253,176.9033278
-39.52904083,176.9033231
-39.52904347,176.9033204
-39.5290412,176.9033197
-39.52904033,176.9033244
-39.52797614,176.9024293
-39.52679361,176.9017518
-39.52679414,176.9017519
-39.52678967,176.9017536
-39.517526,176.8978582
-39.51752792,176.8978555
-39.51755736,176.8978365
-39.51755814,176.8978374
-39.51756114,176.89784
-39.51755475,176.8978378
-39.51767253,176.8970503
-39.51767145,176.897046
-39.51767386,176.8970427
-39.51767472,176.8970427
-39.5176735,176.8970466
-39.51767525,176.8970491
-39.51850614,176.8829989
-39.5185082,176.8830025
-39.51851078,176.8830016
-39.51851142,176.8830009
-39.52141153,176.8804094
-39.52141047,176.8804088
-39.52140878,176.8804039
-39.52141031,176.8804004
-39.52140895,176.880405
-39.52240428,176.8843358
-39.52240645,176.884358
-39.52240311,176.8843586
-39.52240217,176.8843614
-39.52240608,176.8843556
-39.52240464,176.8843582
-39.52240567,176.8843587
-39.51181625,176.8848024
-39.51179664,176.8847999
-39.51179736,176.884797
-39.5117962,176.8848002
-39.50912542,176.8837655
-39.5364197,176.8455927
-39.53641997,176.8455944
-39.53592606,176.8453786
-39.53657631,176.8466142
-39.53657345,176.8466146
-39.53657647,176.8466131
-39.53657678,176.8466101
-39.54572097,176.8530126
-39.54572303,176.8530122
-39.54572147,176.8530091
-39.54572228,176.8530074
-39.54491045,176.8523863
-39.54424556,176.8521407
-39.54403936,176.8520215
-39.54349275,176.9188082
-39.54349428,176.9188083
-39.54308892,176.9184074
-39.54301797,176.9178889
-39.54295622,176.9175434
-39.54313258,176.9174245
-39.54309581,176.9167777
-39.54309239,176.9167133
-39.54318014,176.9166631
-39.54326881,176.9159244
-39.54328311,176.9159188
-39.54358031,176.9157042
-39.54399511,176.9155594
-39.54423281,176.915617
-39.54462225,176.9158174
-39.54477433,176.9162596
-39.54470481,176.9165747
-39.54475475,176.9172531
-39.54450236,176.9174169
-39.54422181,176.9182854
-39.54401106,176.9185087
-39.54401211,176.9185061
-39.54362978,176.9197111
-39.54362956,176.919712
-39.54297231,176.9214291
-39.54299642,176.9214073
-39.542939,176.92148
-39.5428295,176.9216588
-39.9676802,176.631897
-39.96767464,176.6318969
-39.96704103,176.6322547
-39.96704617,176.6322511
-39.96674631,176.6329638
-39.96708167,176.6330471
-39.96776756,176.6332735
-39.96776936,176.6332756
-39.96777031,176.6332777
-39.96776947,176.6332769
-39.96603956,176.6316423
-39.96592645,176.6320032
-39.96732092,176.6331596
-39.96762636,176.6352408
-39.96762714,176.6352419
-39.96796567,176.6370807
-39.96767703,176.6380232
-39.9676705,176.6380309
-39.96675181,176.6396654
-39.96673795,176.6396833
-39.96718225,176.6396023
-39.96718356,176.6396017
-39.96669795,176.6420553
-39.96668558,176.6420709
-39.96668697,176.642069
-39.96651078,176.6426864
-39.96656233,176.6421826
-39.96613064,176.6324693
-39.02838039,177.4205126
-39.02837917,177.4205135
-39.028379,177.4205128
-39.0283795,177.4205183
-39.02838106,177.4205195
-39.02838197,177.4205139
-39.02837986,177.4205137
-39.02768486,177.4190406
-39.02768514,177.4190399
-39.56889295,176.8840416
-39.56892914,176.8840197
-39.56905778,176.8839744
-39.5692217,176.8839139
-39.56940761,176.8838503
-39.56956606,176.8838024
-39.56973036,176.8837516
-39.56988747,176.8836877
-39.57000039,176.8836419
-39.57008831,176.883607
-39.57018158,176.8835711
-39.57028733,176.8835307
-39.57040128,176.8834866
-39.57051642,176.883447
-39.57062586,176.8834167
-39.57074347,176.8833772
-39.57086072,176.88333
-39.57097928,176.8832798
-39.57109961,176.8832342
-39.57122572,176.883185
-39.57134661,176.8831365
-39.57146697,176.8830934
-39.57147306,176.8830879
-39.57146495,176.8830908
-39.57142025,176.8831066
-39.57128989,176.8831555
-39.5711105,176.8832216
-39.57090856,176.8832941
-39.57070389,176.8833618
-39.57049717,176.8834282
-39.5703112,176.8834892
-39.57013725,176.8835492
-39.5699912,176.8836
-39.56985667,176.8836442
-39.56972439,176.883684
-39.56959089,176.8837223
-39.56948056,176.8837772
-39.56936122,176.8838207
-39.5692237,176.8838621
-39.56908845,176.8839031
-39.56898761,176.8839581
-39.55902472,176.9209631
-39.55918139,176.914095
-39.55906639,176.9128981
-39.56432806,176.9026414
-39.56466,176.9002047
-39.56423639,176.9028664
-39.55385139,176.8202414
-39.55324806,176.8186381
-39.55269639,176.8172881
-39.55156,176.8150664
-39.53003806,176.8035097
-39.53000472,176.8034931
-39.53000139,176.803475
-39.53000472,176.80348
-39.53020806,176.8034997
-39.51717806,176.7959481
-39.51696472,176.7957814
-39.51665306,176.7955781
-39.516345,176.79537
-39.51610306,176.7951947
-39.51581,176.79493
-39.50365806,176.7551114
-39.50380806,176.7548181
-39.50398,176.7543564
-39.50403306,176.7539264
-39.50377639,176.75358
-39.50347306,176.7536264
-39.50321806,176.7541114
-39.50321639,176.7541047
-39.50333139,176.7541714
-39.50333306,176.75406
-39.50333139,176.7540614
-39.50332806,176.75406
-39.503325,176.75406
-39.50333639,176.7540631
-39.50333639,176.7540614
-39.50333806,176.7540631
-39.50320306,176.7574031
-39.50338972,176.7572981
-39.50352306,176.7570764
-39.50364806,176.7564364
-39.50367,176.7560631
-39.5037,176.7552431
-39.50300639,176.7534364
-39.50289,176.7527181
-39.49223306,176.7220431
-39.49242806,176.7222481
-39.49262472,176.7224397
-39.49292639,176.7226714
-39.49330972,176.7229231
-39.49386139,176.7232914
-39.49432,176.7235797
-39.49491806,176.7236164
-39.49493972,176.7234764
-39.49491139,176.7233997
-39.479865,176.6971781
-39.47957139,176.69649
-39.47892639,176.6956
-39.47826306,176.6955781
-39.46919306,176.6985664
-39.46787639,176.6982814
-39.46681472,176.6984331
-39.46516972,176.7001814
-39.46516306,176.701855
-39.48123806,176.6986781
-39.48167,176.6994131
-39.48231972,176.7002264
-39.48319306,176.7008764
-39.48431306,176.7002081
-39.48440806,176.6996547
-39.48387472,176.6989581
-39.483435,176.7008647
-39.48289139,176.7039847
-39.48652806,176.7140314
-39.48704,176.7153414
-39.48756,176.7162664
-39.48908806,176.7176031
-39.49092806,176.7184831
-39.49242306,176.7190147
-39.49430806,176.719565
-39.49619639,176.7201597
-39.49810139,176.7208097
-39.49931639,176.7213514
-39.502305,176.7225364
-39.503025,176.7230564
-39.50509639,176.7253081
-39.50620806,176.7269781
-39.50685,176.72817
-39.50711806,176.7292347
-39.50723306,176.7306264
-39.50716306,176.7349631
-39.50688139,176.73699
-39.50664639,176.7396214
-39.506525,176.7411181
-39.50653306,176.7429714
-39.50663,176.7445131
-39.506855,176.7466414
-39.50698806,176.7486681
-39.50693806,176.7506264
-39.50671639,176.7522614
-39.50548306,176.756285
-39.50655306,176.7584381
-39.507465,176.7613164
-39.50772806,176.76249
-39.50799306,176.7636564
-39.50820306,176.7646014
-39.50854,176.7660214
-39.51168139,176.7746597
-39.51166139,176.7750014
-39.51159639,176.7759914
-39.51168639,176.7765631
-39.51177639,176.7766897
-39.51175139,176.7763981
-39.51176639,176.7763981
-39.51177139,176.7764014
-39.51171806,176.7764114
-39.5117,176.7764497
-39.51323639,176.7853181
-39.51324,176.7852481
-39.52000139,176.7934864
-39.52018806,176.7934631
-39.52061,176.7939614
-39.52079639,176.7942181
-39.52188306,176.7953881
-39.52206639,176.7955314
-39.52286139,176.7961964
-39.52330306,176.79657
-39.52385,176.7969497
-39.52449806,176.7971564
-39.52555639,176.7972581
-39.52616639,176.79729
-39.52671639,176.7973664
-39.52720639,176.7974931
-39.52771,176.7977014
-39.52834,176.7980231
-39.52931806,176.7983564
-39.52992139,176.7984331
-39.534575,176.7999381
-39.53530972,176.800835
-39.53583,176.8013264
-39.53530806,176.8006014
-39.53501139,176.8004281
-39.53459306,176.8001847
-39.53429472,176.7999014
-39.53407139,176.79969
-39.53375972,176.7994231
-39.53336972,176.7991314
-39.53283806,176.7987547
-39.53255139,176.7985597
-39.531955,176.7987381
-39.53195139,176.7990964
-39.53703639,176.8018964
-39.53812139,176.8023831
-39.53841139,176.802455
-39.53881639,176.8024831
-39.53908639,176.8024831
-39.53950639,176.8024531
-39.53994972,176.8024281
-39.54024306,176.8024264
-39.54081472,176.8024897
-39.54136139,176.802575
-39.55751639,176.8232681
-39.56333306,176.8686397
-39.56386306,176.8691231
-39.56521,176.8705631
-39.56454139,176.8724931
-39.56436806,176.8718214
-39.56450806,176.871315
-39.56569472,176.87245
-39.56570806,176.87245
-39.56569639,176.8724797
-39.56567972,176.872525
-39.565675,176.8725264
-39.56567,176.8725214
-39.56566806,176.8725131
-39.56571139,176.8725397
-39.56559639,176.8727014
-39.56562306,176.87275
-39.565625,176.8727197
-39.57082806,176.8971131
-39.57082806,176.8971131
-39.57052,176.8978397
-39.56820472,176.9024714
-39.56820139,176.902455
-39.56818806,176.902455
-39.56819306,176.9024614
-39.56819306,176.9024631
-39.56809806,176.9022681
-39.56808472,176.9022381
-39.56819806,176.9026181
-39.56823306,176.90264
-39.568215,176.9024714
-39.56813306,176.9025281
-39.56813306,176.9025247
-39.57119972,176.8993531
-39.57144639,176.8991464
-39.57181139,176.8989481
-39.57239472,176.8987331
-39.57324139,176.8981114
-39.57399,176.8973514
-39.57447139,176.896855
-39.59015972,176.8797681
-39.590655,176.8791014
-39.59305472,176.8754897
-39.59347,176.8748681
-39.594035,176.8740281
-39.59431139,176.8736081
-39.59481972,176.8727514
-39.59505639,176.87229
-39.59632806,176.8692031
-39.59671306,176.8643297
-39.59665639,176.8637731
-39.59650972,176.8626347
-39.59234639,176.8480064
-39.59210472,176.8469564
-39.5919,176.846185
-39.591525,176.8448814
-39.59115972,176.8438797
-39.59031639,176.8425747
-39.58704806,176.8401331
-39.584095,176.8411414
-39.58493639,176.8419464
-39.58313306,176.8409131
-39.58171306,176.8390664
-39.581855,176.8390681
-39.58194639,176.8390881
-39.58200639,176.8391214
-39.58210639,176.8392047
-39.58219639,176.8392364
-39.5816,176.8389914
-39.57538,176.8274047
-39.57497639,176.8260964
-39.58254639,176.786455
-39.58264972,176.7865014
-39.58269472,176.7867314
-39.58266472,176.7869614
-39.58254639,176.7873347
-39.58242,176.7880064
-39.58242,176.7880064
-39.58263639,176.7881631
-39.58263639,176.7881631
-39.58275972,176.7879814
-39.58277472,176.78796
-39.58277139,176.7879764
-39.58303306,176.7873731
-39.582955,176.7875047
-39.58297,176.7875481
-39.58297,176.7875464
-39.58296139,176.787595
-39.58296306,176.7875914
-39.58296306,176.7875481
-39.58431472,176.783275
-39.58422806,176.7834947
-39.58423306,176.7837614
-39.58408806,176.7839864
-39.58391972,176.7841514
-39.583545,176.78472
-39.58283806,176.7860331
-39.582895,176.7866197
-39.58311,176.7867481
-39.58342139,176.7856914
-39.58674,176.77121
-39.58674,176.77121
-39.586505,176.7698264
-39.58653306,176.7697897
-39.586535,176.7678031
-39.58641972,176.7679064
-39.58643,176.7684281
-39.586475,176.7689981
-39.58662972,176.7700247
-39.58668,176.7704114
-39.58663139,176.7708681
-39.586475,176.7709947
-39.584335,176.758515
-39.58462639,176.7590114
-39.58462472,176.7595931
-39.58463,176.7598914
-39.584645,176.7603497
-39.58469806,176.7608231
-39.584855,176.7616031
-39.58510806,176.7621214
-39.58539972,176.7621731
-39.58548306,176.761945
-39.5851,176.7600997
-39.584815,176.7593714
-39.58451972,176.7583964
-39.58425472,176.75739
-39.58398639,176.7564397
-39.61688306,176.6864131
-39.61667806,176.6862931
-39.61572472,176.6869114
-39.61558806,176.6873414
-39.61564306,176.6874431
-39.61588,176.6875331
-39.619395,176.6820764
-39.61966639,176.6816514
-39.62016806,176.6807281
-39.62041139,176.6802531
-39.62077639,176.6795414
-39.62138972,176.6783831
-39.62204806,176.6772114
-39.62295639,176.6755597
-39.62360472,176.6744164
-39.62399306,176.67379
-39.62588972,176.6720164
-39.62630639,176.671745
-39.62693806,176.6713497
-39.64047472,176.6616131
-39.64090472,176.6607814
-39.64129472,176.6599214
-39.64163306,176.6590314
-39.641885,176.6581
-39.64342806,176.6360981
-39.64340806,176.6349314
-39.64339139,176.6341597
-39.64337806,176.6333914
-39.64335,176.6322181
-39.64299639,176.6291014
-39.64272,176.627915
-39.64061806,176.6230981
-39.63930639,176.6209847
-39.63665972,176.6176631
-39.55035806,176.4709197
-39.55167639,176.4702764
-39.55343639,176.46879
-39.55388472,176.4679181
-39.55497806,176.4663614
-39.55678306,176.4670581
-39.55788639,176.4682764
-39.57116972,176.4849431
-39.57213806,176.48669
-39.57542972,176.4949364
-39.59857806,176.5568631
-39.59950806,176.558875
-39.60524806,176.570645
-39.60654639,176.57301
-39.60766806,176.5748614
-39.60855139,176.5762147
-39.62960806,176.6172214
-39.63059306,176.6215614
-39.63529306,176.6469914
-39.63550472,176.64897
-39.63563806,176.6502831
-39.63681972,176.6641381
-39.63690972,176.66548
-39.63707972,176.6681597
-39.63719472,176.6701447
-39.63736139,176.6728014
-39.63759806,176.6761447
-39.64396306,176.6704464
-39.64426,176.6693381
-39.64461306,176.6683031
-39.64526639,176.6669214
-39.645725,176.6661097
-39.64634139,176.664945
-39.64689639,176.6626981
-39.64659972,176.6619647
-39.64573,176.6617964
-39.63675639,176.6778831
-39.63624639,176.6796514
-39.620955,176.689815
-39.62045306,176.6903564
-39.60803972,176.7195481
-39.60649806,176.7212331
-39.60596139,176.7217464
-39.60514639,176.7224564
-39.60459306,176.7229164
-39.60292972,176.7241847
-39.60237472,176.7245081
-39.60154139,176.7249281
-39.60069306,176.7253531
-39.60012972,176.7256714
-39.59899,176.726355
-39.59817472,176.7268881
-39.597655,176.7272964
-39.59619306,176.7287397
-39.59519,176.73002
-39.59344472,176.7353047
-39.59314472,176.7362664
-39.59287139,176.7372014
-39.59269639,176.7378264
-39.59221639,176.739415
-39.59194639,176.7403681
-39.59176639,176.7410214
-39.59107806,176.7433281
-39.59052639,176.7457514
-39.59100972,176.7750214
-39.59192472,176.7744314
-39.592765,176.7739114
-39.59286139,176.7735664
-39.59290639,176.7731831
-39.59278306,176.7727131
-39.59230639,176.7726164
-39.59183306,176.7728781
-39.59144139,176.773355
-39.59134806,176.7739031
-39.59124639,176.7737964
-39.59134639,176.7739181
-39.59136139,176.7739264
-39.59138306,176.7743831
-39.59138306,176.7745231
-39.59139972,176.77451
-39.59112139,176.7744364
-39.59112306,176.7747797
-39.59112306,176.7747814
-39.59108306,176.77486
-39.590595,176.769875
-39.59061806,176.7709264
-39.59647639,176.8429564
-39.59649639,176.8431631
-39.59655,176.8436731
-39.59653639,176.8442931
-39.59651139,176.8445964
-39.59649,176.8450214
-39.59885972,176.8517331
-39.59899472,176.85232
-39.59927,176.8534631
-39.60150306,176.86874
-39.60143806,176.8695881
-39.60051306,176.8721247
-39.59991972,176.8730181
-39.59831139,176.8756247
-39.59776472,176.8765731
-39.59639139,176.8787364
-39.59241472,176.8852314
-39.58882472,176.88737
-39.58853139,176.8877931
-39.58822806,176.8881814
-39.57973472,176.897045
-39.57935806,176.8974281
-39.57898139,176.8978081
-39.57822306,176.8985531
-39.57728306,176.8994747
-39.57652806,176.900235
-39.57577806,176.9010031
-39.57506,176.9017531
-39.57386639,176.9030681
-39.57324306,176.9038531
-39.57152306,176.9064164
-39.570905,176.9075814
-39.57033806,176.9088081
-39.56983639,176.910025
-39.56913139,176.91195
-39.56883639,176.9136531
-39.56885806,176.9153447
-39.56047306,176.9208081
-39.56002972,176.9208414
-39.55975972,176.9208981
-39.55924639,176.9211864
-39.55890806,176.9215181
-39.55861139,176.9219464
-39.56344972,176.9230447
-39.56371806,176.923975
-39.56382,176.9242864
-39.56465806,176.9263964
-39.56504139,176.92726
-39.56543139,176.92811
-39.56610139,176.9295297
-39.567485,176.9317431
-39.568305,176.9321881
-39.56921639,176.9319197
-39.569845,176.93141
-39.57013472,176.9309231
-39.56832806,176.9283147
-39.56728306,176.92817
-39.56621806,176.9280297
-39.56414306,176.9277647
-39.56365806,176.9276831
-39.56318139,176.9275897
-39.56247972,176.927445
-39.56013639,176.9267981
-39.55923806,176.9264664
-39.53318806,176.9192597
-39.53205139,176.9185247
-39.38749139,176.8202331
-39.38778639,176.82151
-39.39178472,176.8353864
-39.39203139,176.8379364
-39.393605,176.88267
-39.39631806,176.8850931
-39.39631806,176.8850931
-39.39709,176.8861964
-39.39596306,176.8882981
-39.39507472,176.8882
-39.39458472,176.8876397
-39.39437639,176.8870964
-39.39418639,176.8857747
-39.54412956,176.9133086
-39.53885486,176.9080387
-39.54363381,176.9087887
-39.53984208,176.9148124
-39.53884014,176.9048816
-39.54253014,176.9184713
-39.53951345,176.9174266
-39.54228372,176.9050211
-39.54245003,176.9155681
-39.5417177,176.9170737
-39.54094525,176.9080376
-39.54423664,176.9117996
-39.54572156,176.9087893
-39.5379012,176.911048
-39.53921022,176.9110499
-39.54084961,176.914062
-39.54322233,176.9155668
-39.5427597,176.9170739
-39.54080203,176.9125552
-39.540594,176.9056646
-39.54006645,176.9050266
-39.54541911,176.9120343
-39.537303,176.9157948
-39.54085897,176.9042711
-39.54037283,176.9148135
-39.54480025,176.9148133
-39.54088353,176.9148141
-39.54105992,176.9176627
-39.53902556,176.9118021
-39.5384467,176.9087926
-39.53901611,176.9140622
-39.54366706,176.9125545
-39.53781731,176.9095872
-39.53779203,176.910297
-39.54125936,176.9133106
-39.540456,176.9095407
-39.53739411,176.9147397
-39.54136083,176.914061
-39.54127383,176.9043921
-39.5440017,176.9065344
-39.54115406,176.9072834
-39.54080378,176.9176214
-39.5421522,176.9118026
-39.54141575,176.9148137
-39.53914547,176.9030659
-39.54237778,176.904995
-39.53914931,176.9037661
-39.54197064,176.914855
-39.54334958,176.9133077
-39.54271033,176.9155664
-39.5427165,176.9148145
-39.53819625,176.9125563
-39.54439408,176.9102943
-39.5440122,176.9155692
-39.54465781,176.9102942
-39.54585797,176.9090193
-39.54011264,176.914813
-39.54015431,176.9170739
-39.54559497,176.9095441
-39.542009,176.9057771
-39.54098495,176.9095424
-39.54167642,176.9148141
-39.53839589,176.9080359
-39.54181297,176.9087869
-39.54467478,176.9087884
-39.54132825,176.9177034
-39.5389132,176.9065387
-39.53996731,176.9133052
-39.5392575,176.9055009
-39.54254767,176.9095441
-39.54111267,176.9118025
-39.54191967,176.9155677
-39.5374957,176.9155674
-39.5438912,176.9110498
-39.54224858,176.9080382
-39.54332145,176.9095427
-39.5374215,176.9148136
-39.53894311,176.9029527
-39.53946692,176.9087905
-39.54510456,176.9080376
-39.54028095,176.9125563
-39.53932017,176.9148156
-39.5434925,176.9155676
-39.53974753,176.9041566
-39.54574533,176.9095362
-39.53769992,176.9125566
-39.59183306,176.7728781
-39.590595,176.769875
-39.5418072,176.9110488
-39.54011317,176.9072824
-39.54227622,176.9057786
-39.04055556,177.3888889
-39.04055556,177.3888889
-39.5617677,176.8594772
-39.5559985,176.8552518
-39.04027778,177.3888889
-39.48178056,176.8225556
-39.56517778,176.8403028
-39.565575,176.8399667
-39.56745556,176.8393083
-39.56955833,176.8379056
-39.5703,176.8374028
-39.57249167,176.8359833
-39.57600833,176.8339222
-39.57567222,176.8346417
-39.57601945,176.8344417
-39.97499167,176.4810944
-39.97579167,176.4807444
-39.96823056,176.6351472
-39.96849167,176.6347361
-39.96846667,176.6335139
-39.96778889,176.6331778
-39.56336111,176.9191889
-39.56331667,176.9198139
-39.56267222,176.9222417
-39.56251945,176.9225167
-39.56156111,176.9237528
-39.56134445,176.92395
-39.53488611,176.9172833
-39.53607222,176.9170694
-39.53614722,176.9170083
-39.53625,176.9169611
-39.56136667,176.9146111
-39.56006667,176.9207611
-39.560025,176.9208667
-39.559775,176.920975
-39.55970833,176.9209278
-39.39890556,176.8871472
-39.39869445,176.8874056
-39.39836389,176.8875889
-39.39799445,176.8874972
-39.39791111,176.8873444
-39.39789445,176.8872694
-39.39785,176.8871167
-39.36743611,176.9026194
-39.36745833,176.9022667
-39.56691667,176.9214639
-39.56691667,176.9214639
-39.56755556,176.9211722
-39.56782778,176.9210528
-39.56185556,176.9229278
-39.56174722,176.9229278
-39.54376945,176.9195389
-39.54376945,176.9195389
-39.51721945,176.8013167
-39.51719722,176.8011778
-39.51733889,176.8014972
-39.51768056,176.8015889
-39.04667222,177.4197528
-39.52979167,176.8376472
-39.52808056,176.8391583
-39.56829445,176.9209139
-39.02301389,177.4163972
-39.56806945,176.9210056
-39.58088056,176.9155417
-39.58094445,176.9156028
-39.58045278,176.9179389
-39.04195278,177.4098056
-39.04191111,177.4098361
-39.58661667,176.9380028
-39.04193611,177.4097889
-39.04200833,177.4098361
-39.60604445,176.9313194
-39.04200833,177.4098361
-39.59848056,176.9458306
-39.04215556,177.4098361
-39.59848333,176.9458167
-39.04538056,177.4087528
-39.59847778,176.9458167
-39.04538333,177.4087528
-39.045375,177.4087361
-39.03078889,177.4179528
-39.63296111,176.9833972
-39.03078333,177.4179694
-39.03079722,177.4179389
-39.03077222,177.4178778
-39.63296111,176.9835056
-39.03077222,177.4178778
-39.63298056,176.9862528
-39.03075,177.4176472
-39.63324445,176.9866778
-39.03074722,177.4176472
-39.63324722,176.9866778
-39.03073889,177.4175111
-39.63260556,176.9862528
-39.63239722,176.9867556
-39.63216111,176.9866333
-39.63865556,176.9989
-39.63861111,176.9989167
-39.63862222,176.9989
-39.63927778,176.986725
-39.54955556,176.8578944
-39.037025,177.4394694
-39.59397222,176.8483111
-39.03702222,177.4394694
-39.037025,177.4394694
-39.34953056,176.9097278
-38.96474722,177.4069972
-38.965275,177.4073778
-38.96525833,177.4073639
-38.96524445,177.4073639
-38.96048056,177.3881389
-39.38702778,176.8845972
-38.960175,177.3879861
-39.39654167,176.8831028
-38.96035,177.3881528
-39.49735278,176.851775
-39.54748611,176.8405917
-39.54750833,176.8406056
-39.54755,176.8405917
-39.54793889,176.8397056
-39.54779445,176.8397528
-39.547775,176.8398278
-39.54835556,176.8553778
-39.54838611,176.8553306
-39.53871667,176.8477333
-39.53868056,176.8477167
-39.54088333,176.8457806
-39.54438056,176.8425444
-39.54825278,176.8386222
-39.54826111,176.8385917
-39.548275,176.8386222
-39.54793056,176.8391889
-39.54761111,176.8407444
-39.547375,176.8461611
-39.54737222,176.8460389
-39.54738611,176.8460528
-39.54736667,176.8460389
-39.54730278,176.8417667
-39.53578889,176.9182889
-39.53573889,176.9181972
-39.54693611,176.9202417
-39.54693611,176.9202417
-39.55648056,176.9225167
-39.55647778,176.9224694
-39.55908333,176.9228528
-39.5591,176.9227444
-39.559025,176.9226833
-39.53136389,176.9171917
-39.54835833,176.8552556
-39.54839445,176.8553
-39.54967222,176.8357556
-39.55915556,176.9225917
-39.53569167,176.9169917
-39.53541945,176.9172528
-39.52506389,176.914475
-39.55975278,176.9230806
-39.55988056,176.9230639
-39.55994167,176.9230639
-39.564175,176.9227444
-39.56923611,176.9197833
-39.56943611,176.9196917
-39.56942778,176.9196917
-39.56931945,176.9195417
-39.56928889,176.9194194
-39.56898889,176.8843694
-39.56932778,176.8905639
-39.56701945,176.8977806
-39.56639445,176.8994
-39.56626111,176.8999778
-39.56572778,176.9013667
-39.56523889,176.9026333
-39.56523056,176.9026333
-39.56512778,176.9028472
-39.56512778,176.9028778
-39.56479722,176.9037472
-39.56483889,176.9035333
-39.56483333,176.9034417
-39.56463333,176.9043583
-39.56461667,176.9043889
-39.56400556,176.9060056
-39.55128611,176.8231667
-39.548425,176.8143167
-39.54840556,176.8143
-39.54889722,176.8137667
-39.54888056,176.8137806
-39.55021667,176.8126833
-39.55029722,176.8126222
-39.55030556,176.8125611
-39.55029722,176.8125306
-39.55034167,176.8123333
-39.5405,176.8086389
-39.53300833,176.8043833
-39.53304167,176.8044278
-39.53312222,176.8045361
-39.53253611,176.8045806
-39.54893611,176.8583667
-39.54902778,176.8583528
-39.54957222,176.8607639
-39.55915556,176.8708028
-39.564125,176.8748778
-39.56412222,176.8748778
-39.56412222,176.8748778
-39.56412222,176.8748778
-39.58246667,176.8488778
-39.94500833,176.5711972
-39.94498056,176.5711833
-39.90563611,176.5234222
-39.90563611,176.5234667
-39.97820556,176.5078722
-39.98389167,176.5130778
-39.98418889,176.5128639
-39.98502778,176.5183111
-39.98508056,176.5182333
-39.98508056,176.5182333
-39.86229722,176.4449167
-39.86224445,176.4449306
-39.86221945,176.4449472
-39.86221945,176.4449472
-39.54968611,176.8356944
-39.549625,176.8359083
-39.559025,176.9227306
-39.564125,176.9031222
-39.54838056,176.8579417
-39.54876667,176.8354028
-39.54892222,176.834275
-39.53204445,176.8043056
-39.53215833,176.8045972
-39.52365,176.7996361
-39.52371111,176.7996528
-39.56565,176.87265
-39.56568611,176.8724972
-39.56813056,176.9024806
-39.57533611,176.8275139
-39.57387222,176.8153389
-39.57641111,176.8016667
-39.58273611,176.7877972
-39.58348889,176.7850639
-39.58711111,176.773925
-39.58596389,176.7688
-39.58426945,176.7608028
-39.591275,176.7745222
-39.92083333,176.8556667
-39.92083333,176.8556667
-39.92083333,176.8556667
-39.92066667,176.8553333
-39.92033333,176.8551667
-39.92066667,176.8555
-39.9215,176.856
-39.91416667,176.8745
-39.42758056,176.8768306
-39.9135,176.7953333
-39.911,176.7941667
-39.911,176.7941667
-39.96216667,176.7975
-39.96216667,176.7975
-39.96216667,176.7975
-39.96166667,176.798
-39.9615,176.7986667
-39.9615,176.7988333
-39.96133333,176.7988333
-39.96333333,176.7975
-39.9635,176.7973333
-39.96083333,176.7996667
-39.961,176.7993333
-39.9615,176.7993333
-39.9615,176.7993333
-39.96166667,176.799
-39.96166667,176.799
-39.79633333,176.791
-39.87916667,176.8088333
-39.9445,176.8226667
-39.94616667,176.83
-39.9465,176.8298333
-39.94833333,176.8275
-39.94883333,176.8256667
-39.94883333,176.8236667
-39.94864167,176.8231667
-39.94783333,176.8215
-39.94666667,176.8206667
-39.9465,176.8206667
-39.94516667,176.8213333
-39.96333333,176.8013333
-39.9645,176.799
-39.96416667,176.7968333
-39.96183333,176.7951667
-39.9595,176.7975
-39.9595,176.8
-39.95966667,176.8003333
-39.973,176.806
-39.97283333,176.8066667
-39.92483333,176.8581667
-39.92483333,176.8581667
-39.92983333,176.6405
-39.9205,176.644
-39.9015,176.6513333
-39.77966667,176.7056667
-39.39555,176.8465417
-39.39395278,176.8771806
-39.39414722,176.8770306
-39.39411389,176.8769389
-39.39413889,176.8769528
-39.39413889,176.8769056
-39.39416389,176.8769056
-39.39779445,176.8687278
-39.39779445,176.8687278
-39.39779445,176.8687278
-39.39778611,176.8687444
-39.39779722,176.8687583
-39.39779722,176.8687444
-39.39779445,176.8687278
-39.39780556,176.8687444
-39.3978,176.8688056
-39.52942778,176.9170833
-39.53085278,176.9162444
-39.53083333,176.9162
-39.53081945,176.9161694
-39.53081945,176.9161694
-39.53081111,176.9161222
-39.53088056,176.9163361
-39.53088056,176.9163361
-39.52231667,176.9169167
-39.07289289,177.8994965
-39.02736931,177.4223723
-39.02726814,177.4207957
-39.02962864,177.4190929
-39.02969497,177.4190853
-39.03018945,177.4192064
-39.03067797,177.4199452
-39.03099745,177.4188181
-39.02545328,177.4211516
-39.027776,177.419317
-39.027772,177.419312
-39.028434,177.419286
-39.030514,177.419187
-39.032688,177.41835
-39.032654,177.418337
-39.03188,177.418605
-39.031839,177.418609
-39.036487,177.434027
-39.037474,177.433706
-39.037969,177.433532
-39.038864,177.433219
-39.039821,177.432887
-39.04132597,177.4322978
-39.04296281,177.4315618
-39.04336136,177.4312918
-39.04407553,177.4308209
-39.04427125,177.4306261
-39.04452878,177.4304911
-39.04464111,177.4303615
-39.04485511,177.4302105
-39.04548792,177.4297861
-39.0457315,177.4296086
-39.04662842,177.4287889
-39.04890331,177.426356
-39.05811778,177.4181161
-39.05810061,177.4181268
-39.03077545,177.4179563
-39.03078133,177.4179464
-39.03074728,177.4178357
-39.03076033,177.4178362
-39.03074556,177.4177678
-39.03072647,177.4176766
-39.03072828,177.4175333
-39.03071308,177.4174623
-39.03071692,177.4173419
-39.03066872,177.4172866
-39.03066725,177.417164
-39.0306495,177.4170802
-39.03061828,177.4169608
-39.03062181,177.4169571
-39.03051917,177.4166415
-39.03051542,177.4165211
-39.03063925,177.4172448
-39.03066058,177.4172403
-39.0306695,177.4172435
-39.03067117,177.4172421
-39.03066633,177.4172403
-39.03066506,177.417237
-39.03057292,177.4167444
-39.03057606,177.416742
-39.0305765,177.4167404
-39.03057639,177.4167396
-39.02916497,177.4173248
-39.02720645,177.417184
-39.02715158,177.4153764
-39.02714864,177.4153137
-39.02719864,177.4141027
-39.02684456,177.4119111
-39.026749,177.4113428
-39.02672253,177.4111281
-39.0265742,177.4099663
-39.02652417,177.4096445
-39.026524,177.4096426
-39.02645917,177.4092124
-39.02639122,177.4087431
-39.02636111,177.4085313
-39.026278,177.4081043
-39.02625081,177.407803
-39.0261722,177.407275
-39.02614642,177.4071317
-39.0259805,177.4059366
-39.02577633,177.4046539
-39.02547231,177.4027066
-39.02522006,177.4005113
-39.02501878,177.3988571
-39.02487067,177.3954969
-39.02494131,177.3964237
-39.02498233,177.3969158
-39.025044,177.3978624
-39.02504136,177.3980816
-39.02505239,177.3982767
-39.0250652,177.398408
-39.02507206,177.3985977
-39.02511889,177.3990699
-39.02519103,177.3999078
-39.02520308,177.4001156
-39.02537161,177.4022227
-39.02542922,177.4026538
-39.02546456,177.4028745
-39.02554281,177.4033548
-39.02571,177.4044024
-39.0257372,177.4045631
-39.02583778,177.4051973
-39.02588114,177.40556
-39.02594664,177.4059733
-39.02598075,177.4061831
-39.02606453,177.4067762
-39.02611317,177.4070973
-39.02619795,177.407744
-39.0263572,177.4087791
-39.02639728,177.408986
-39.02646742,177.4096129
-39.02661467,177.4103696
-39.02663145,177.4106046
-39.02699642,177.4129707
-39.02705761,177.4134746
-39.02710333,177.4139854
-39.0271142,177.4142365
-39.02712292,177.4145534
-39.02713045,177.4150501
-39.02713064,177.4151277
-39.02717661,177.4167574
-39.02668195,177.4174526
-39.02640183,177.417467
-39.02625906,177.4174653
-39.0257475,177.4174926
-39.02552442,177.4175086
-39.0245397,177.4173428
-39.02444645,177.4154771
-39.02444728,177.4149924
-39.02444183,177.4142906
-39.02442086,177.4138091
-39.02442792,177.4133146
-39.02440547,177.4123212
-39.02439225,177.4114436
-39.02437492,177.41025
-39.02434033,177.4094826
-39.02432339,177.4092941
-39.02404078,177.4084594
-39.02396875,177.4082383
-39.0238225,177.4078668
-39.0235082,177.407099
-39.02298247,177.4062478
-39.022815,177.406033
-39.02270592,177.4059138
-39.02258889,177.4058105
-39.02238089,177.4056578
-39.02218795,177.4055139
-39.02077839,177.4047079
-39.02073475,177.4046711
-39.01944961,177.4038935
-39.02140236,177.4051003
-39.02170867,177.4052784
-39.02190125,177.4053863
-39.02231703,177.4056801
-39.02265303,177.4059313
-39.02290025,177.4062434
-39.02347914,177.4071213
-39.02403045,177.4085793
-39.02419889,177.4090903
-39.0243127,177.4103614
-39.02435289,177.4124083
-39.02437214,177.4132807
-39.02288339,177.4175012
-39.02288639,177.4175142
-39.02293672,177.4175347
-39.02290128,177.4176584
-39.02290433,177.4176567
-39.02267775,177.4175198
-39.02229478,177.4173694
-39.02083392,177.4169494
-39.02355189,177.4176724
-39.02382631,177.4176731
-39.02461731,177.4176434
-39.02508758,177.4176047
-39.02536336,177.417591
-39.0257222,177.4175693
-39.02589558,177.4175838
-39.02639928,177.4175465
-39.02648533,177.4175485
-39.02714611,177.4177087
-39.0271657,177.4181678
-39.02718075,177.4195125
-39.02718103,177.4199673
-39.02718725,177.4201792
-39.02720239,177.4205974
-39.02721511,177.4209093
-39.02722758,177.4212056
-39.02723058,177.4214161
-39.02725533,177.4222546
-39.02728,177.4230496
-39.02741275,177.4280603
-39.02755028,177.4308892
-39.02755731,177.4308276
-39.02764014,177.4307534
-39.02782217,177.4327727
-39.036834,177.4395479
-39.03683947,177.4395458
-39.03684208,177.4395363
-39.04284161,177.5888919
-39.04283706,177.5888878
-39.04286983,177.5889261
-39.04287525,177.5889208
-39.04911067,177.7510977
-39.02228431,177.4077126
-39.02527267,177.4114145
-39.02548267,177.4117113
-39.03029889,177.4175791
-39.05153756,177.4205142
-39.02570808,177.4015912
-39.03070839,177.4171606
-39.03070145,177.4171621
-39.03069895,177.417164
-39.03059378,177.4166828
-39.03059314,177.4166846
-39.03059336,177.4166837
-39.03059339,177.4166852
-39.03059406,177.4166824
-39.03050417,177.4165264
-39.03050828,177.4165394
-39.03313589,177.4176165
-39.03202022,177.4169229
-39.03201489,177.4169337
-39.03200656,177.4169414
-39.03199783,177.4169563
-39.03199631,177.4169629
-39.03199381,177.4169763
-39.03199222,177.4169833
-39.04234503,177.4097547
-39.05796372,177.4182498
-39.02544433,177.4211773
-39.02542133,177.4210126
-39.01474992,177.398417
-39.01637722,177.3970216
-39.02133206,177.4005307
-39.01931367,177.3953944
-39.01702208,177.3909038
-39.01498008,177.3895373
-39.00644425,177.3902258
-39.00283736,177.3915336
-39.00123536,177.3921242
-38.99811439,177.3937715
-38.99737492,177.3943858
-38.99247947,177.3993715
-38.99135667,177.4003097
-38.98527164,177.4049201
-38.98489853,177.4052274
-38.98131442,177.4084643
-38.97909639,177.4097543
-38.97795945,177.4097675
-38.97550958,177.4068369
-38.97448078,177.4038358
-38.9727377,177.3987459
-38.96924833,177.3948129
-38.96597317,177.396316
-38.96549789,177.3971273
-38.96491897,177.3984903
-38.96459375,177.3995306
-38.96405014,177.401675
-38.96380095,177.4027791
-38.96341211,177.4044546
-38.96314672,177.4055736
-38.96105889,177.4119995
-38.95694622,177.416899
-38.95590761,177.417847
-38.95449864,177.4190318
-38.95298114,177.4201031
-38.9509962,177.4212234
-38.94979364,177.4218515
-38.94701533,177.4231644
-38.94506575,177.423887
-38.9442745,177.4240732
-38.94267164,177.4241094
-38.9407507,177.4233275
-38.93868828,177.4215108
-38.93575211,177.4176129
-38.93438167,177.4163105
-38.93323481,177.4155615
-38.92943772,177.4146364
-38.92856883,177.41475
-38.92727803,177.4150303
-38.92557492,177.415695
-38.9243657,177.4165235
-38.92300997,177.4180642
-38.92137267,177.4215866
-38.920359,177.4280756
-38.92009917,177.4292613
-38.91906217,177.4327217
-38.91872397,177.4338869
-38.91836645,177.43502
-38.91707322,177.4374381
-38.9164197,177.4381846
-38.91352745,177.4377478
-38.91033289,177.4359562
-38.90782342,177.4353563
-38.90612106,177.4356114
-38.90447722,177.4359196
-38.89957956,177.4371796
-38.89750325,177.4378894
-38.89498233,177.4388637
-38.89383108,177.4396954
-38.89160245,177.4438827
-38.89095131,177.4467872
-38.89057606,177.4485636
-38.89030978,177.449747
-38.89002553,177.4509175
-38.88938392,177.4532568
-38.88888425,177.4549896
-38.88837495,177.4566986
-38.8880865,177.4578563
-38.88779211,177.4596395
-38.88775058,177.4608681
-38.88837931,177.4638933
-38.88886897,177.4650204
-38.89073592,177.467294
-38.89205681,177.4684293
-38.89475714,177.4704563
-38.89702614,177.4733588
-38.89740606,177.4757938
-38.89726858,177.4767316
-38.89701311,177.4776519
-38.89280225,177.4917162
-38.89117686,177.4907994
-38.89117111,177.4909975
-38.89096578,177.4912859
-38.89080817,177.4913538
-38.8907027,177.4913866
-38.89067275,177.4914024
-38.89049981,177.4915363
-38.8904612,177.4916472
-38.88965583,177.496284
-38.97777175,177.7880128
-38.97761989,177.7872569
-38.98299183,177.7880867
-38.98207431,177.7885649
-38.98206156,177.7885593
-38.98197317,177.7885235
-38.9819112,177.788476
-38.98192406,177.7903753
-38.98204367,177.7918259
-38.98231392,177.792433
-38.98260047,177.7927358
-38.98347792,177.7927896
-38.98364645,177.7926931
-38.98453911,177.7917947
-38.98484342,177.7915183
-38.98638756,177.7911284
-38.98675028,177.7911726
-38.98693558,177.7911959
-38.98903275,177.7911821
-38.9893557,177.7909046
-38.98978872,177.7901207
-38.98982397,177.7889657
-38.98960928,177.7880833
-38.98955231,177.7878721
-38.98948178,177.7872631
-38.99098872,177.7863175
-38.99180858,177.7860853
-38.99224064,177.7858147
-38.992646,177.785458
-38.99339478,177.7846148
-38.99396061,177.7839005
-38.99503728,177.7828328
-38.99527358,177.7826487
-38.99628639,177.7820068
-38.9970802,177.7815641
-38.99788664,177.7811551
-38.99869136,177.7807441
-38.99976531,177.7801649
-39.00082472,177.779576
-39.00133842,177.7792961
-39.00213253,177.7789252
-39.00321808,177.7784973
-39.00348578,177.7784097
-39.00541097,177.7778348
-39.00568306,177.7777189
-39.00651747,177.7773199
-39.00706097,177.777007
-39.00733089,177.776827
-39.00873647,177.7758452
-39.00903128,177.7756551
-39.00995803,177.7751694
-39.01093761,177.7748777
-39.01162553,177.7747961
-39.01299453,177.7747206
-39.01367556,177.7746614
-39.01472231,177.7745668
-39.01615539,177.7743173
-39.01757342,177.7738521
-39.01830897,177.7735949
-39.01940303,177.7732066
-39.02092367,177.7727082
-39.02169153,177.7725124
-39.02248622,177.7723423
-39.02371725,177.7721523
-39.0241387,177.7721056
-39.02539583,177.7719232
-39.02749681,177.7714985
-39.02830572,177.7712358
-39.02905545,177.7708644
-39.0303707,177.7697567
-39.03127758,177.7677491
-39.03134442,177.7673009
-39.03125492,177.7659428
-39.03117545,177.7655044
-39.03086933,177.7647414
-39.03040961,177.7636157
-39.02997986,177.7619593
-39.02996378,177.7610852
-39.03011631,177.7601995
-39.03057578,177.7589761
-39.03121881,177.7579307
-39.03199189,177.7570708
-39.03312097,177.755985
-39.03341111,177.7557245
-39.03429428,177.7549528
-39.03522817,177.7542948
-39.03556711,177.7541135
-39.03661806,177.7537355
-39.03731258,177.7535053
-39.03895064,177.7526238
-39.04004953,177.7514293
-39.0405572,177.7507868
-39.04166345,177.7496038
-39.04263878,177.7490363
-39.04334947,177.7488435
-39.04514608,177.7491088
-39.04625689,177.7495527
-39.05320667,177.7523586
-39.05068161,177.6319261
-39.04948264,177.6233717
-39.04874581,177.6180953
-39.04745617,177.6101436
-39.04586367,177.6007413
-39.04500303,177.5953391
-39.044498,177.5919269
-39.04358895,177.5858196
-39.0433705,177.5844775
-39.03154108,177.4662799
-39.03374786,177.4662051
-39.04660736,177.4691909
-39.04847531,177.4704805
-39.04975372,177.4715932
-39.05522014,177.4773688
-39.05926608,177.4733948
-39.05841742,177.4713746
-39.05759258,177.4710592
-39.05714433,177.4711287
-39.05642933,177.4715044
-39.37586147,176.9025336
-39.37687603,176.9017875
-39.38254814,176.8977753
-39.39252011,176.8914472
-39.39408803,176.8906018
-39.39783822,176.8886831
-39.04166667,177.435
-39.51323639,176.7853181
-39.51171806,176.7764114
-39.58303306,176.7873731
-39.58242,176.7880064
-39.58668,176.7704114
-39.58548306,176.761945
-39.53530806,176.8006014
-39.03472222,177.4336111
-39.56820139,176.902455
-39.04055556,177.3888889
-39.06527778,177.3947222
-39.53003806,176.8035097
-39.51665306,176.7955781
-39.065,177.3947222
-39.03472222,177.4336111
-39.53450289,176.9175805
-39.53450497,176.9175819
-39.53450408,176.9175806
-39.53450392,176.9175812
-39.53450378,176.9175821
-39.53450383,176.9175815
-39.94467799,176.5804143
-39.94514477,176.5814434
-39.94545766,176.5829228
-39.94556645,176.5834831
-39.94564672,176.5838656
-39.94567723,176.584155
-39.94570548,176.5841999
-39.94532665,176.5825737
-39.94532071,176.5820948
-39.9453422,176.581525
-39.94536734,176.5810851
-39.9454209,176.5806473
-39.94547483,176.5802201
-39.94559298,176.5795559
-39.94484098,176.5798951
-39.94481435,176.5799829
-39.9040982,176.5233269
-39.9039939,176.5232559
-39.90358774,176.5229731
-39.90340659,176.5228493
-39.90308218,176.5224187
-39.90297592,176.5223615
-39.90291489,176.522411
-39.90279589,176.522484
-39.90279505,176.5224843
-39.90241546,176.5218194
-39.90246097,176.5221828
-39.90263578,176.5224149
-39.90273014,176.5226666
-39.90176275,176.5213916
-39.90178355,176.5214013
-39.90226623,176.5214999
-39.90288159,176.5216515
-39.90358554,176.5217516
-39.90407541,176.5220592
-39.90444582,176.5223395
-39.90470119,176.5224952
-39.9051099,176.5230565
-39.90559176,176.5236632
-39.90566748,176.5243105
-39.90640372,176.5248846
-39.90645777,176.5248967
-39.90645857,176.5248954
-39.90647307,176.5248842
-39.90646708,176.5248645
-39.9064662,176.524862
-39.90646549,176.5248632
-39.90646478,176.5248627
-39.97383774,176.5982114
-39.97396946,176.5988677
-39.97411207,176.5993284
-39.97433669,176.5997643
-39.9746437,176.6002851
-39.97474825,176.6004619
-39.97474955,176.6004619
-39.97472739,176.6006072
-39.97459808,176.6005298
-39.97451291,176.600322
-39.97449825,176.6001939
-39.97450409,176.6000744
-39.97450246,176.6000725
-39.97450339,176.6000699
-39.9745041,176.6000715
-39.97450417,176.6000708
-39.9745122,176.6000449
-39.9745143,176.6000485
-39.97433039,176.5996918
-39.97433055,176.5996928
-39.97400488,176.5990426
-39.97373625,176.5988301
-39.9734356,176.5985141
-39.91907224,176.5157087
-39.91907338,176.5156595
-39.91901382,176.515378
-39.91905313,176.5149607
-39.91879606,176.5145979
-39.91875477,176.514404
-39.9187551,176.5143621
-39.91882688,176.5145496
-39.85486467,176.4306221
-39.85478669,176.4302907
-39.85473854,176.4300933
-39.85453863,176.4299185
-39.85457937,176.4299873
-39.85483725,176.4303879
-39.85502074,176.4312364
-39.85505335,176.4313005
-39.85791269,176.4364936
-39.85803306,176.4367675
-39.85808872,176.4368142
-39.8582205,176.43699
-39.85827166,176.4369898
-39.85832938,176.4369336
-39.85837083,176.4368188
-39.85836926,176.4367234
-39.85863642,176.4371314
-39.85870847,176.4371736
-39.85875716,176.4371535
-39.85876343,176.4371502
-39.85876317,176.43715
-39.85876123,176.4371494
-39.8588781,176.4375194
-39.85893334,176.437688
-39.85895047,176.4379036
-39.85892036,176.4381624
-39.85893497,176.4383332
-39.85898143,176.4385753
-39.85905579,176.4388782
-39.85911805,176.4389838
-39.85926218,176.4395542
-39.85937962,176.4399995
-39.85955353,176.4405882
-39.85969186,176.4410559
-39.85971897,176.4415082
-39.85965033,176.4418039
-39.85968634,176.4420871
-39.85990694,176.4424663
-39.86001559,176.4426306
-39.85905117,176.4427027
-39.85905376,176.442706
-39.85919365,176.4425376
-39.85934208,176.4426505
-39.85976487,176.4431997
-39.859842,176.4434919
-39.86057567,176.444195
-39.85981733,176.4443656
-39.85986834,176.444401
-39.8597123,176.4442448
-39.85971444,176.4442442
-39.85971138,176.4442429
-38.66900167,177.9429817
-38.72447333,177.82542
-38.72447333,177.82542
-38.77632,177.800355
-38.808945,177.791815
-38.808945,177.791815
-38.808945,177.791815
-38.808945,177.791815
-38.808945,177.791815
-38.808945,177.791815
-38.808945,177.791815
-38.808945,177.791815
-38.808945,177.791815
-38.81167167,177.7907833
-38.81167167,177.7907833
-38.76737833,177.8096833
-38.74389667,177.8216667
-38.71211167,177.8324033
-38.70078167,177.846505
-38.69053,177.8611733
-38.69053,177.8611733
-38.67448,177.8984217
-38.669195,177.9474183
-38.70746167,177.8306117
-38.76692167,177.8098867
-38.80687167,177.7911517
-38.80687167,177.7911517
-38.82352667,177.7896483
-38.82352667,177.7896483
-38.83620333,177.76369
-38.85867833,177.7693217
-38.787235,177.7819517
-38.78350333,177.7912383
-38.762905,177.8127217
-38.73756667,177.8221083
-38.723605,177.8247967
-38.70921833,177.8295
-38.70921833,177.8295
-38.70921833,177.8295
-38.70113833,177.8456983
-38.69313667,177.861345
-38.6727,177.910945
-38.664285,177.9492217
-38.39165,178.307675
-38.37647333,178.306665
-38.36316,178.303225
-38.36316,178.303225
-38.36316,178.303225
-38.36316,178.303225
-38.349115,178.2619067
-38.349115,178.2619067
-38.349115,178.2619067
-38.35848,178.2012983
-38.35848,178.2012983
-38.32682333,178.18905
-38.327755,178.173765
-38.30668333,178.2470067
-38.30668333,178.2470067
-38.29657167,178.255565
-38.29657167,178.255565
-38.26604167,178.2508467
-38.25442333,178.2511783
-38.25442333,178.2511783
-38.25442333,178.2511783
-38.24911111,178.2534028
-38.169095,178.2564217
-38.14749667,178.2894217
-38.13746667,178.302655
-38.111555,178.2923517
-38.106135,178.2869867
-37.97008167,178.2493683
-37.96141333,178.24527
-37.95126667,178.2193983
-37.94969167,178.210715
-37.95069667,178.216195
-37.79206944,178.4088417
-37.761425,178.4661861
-37.626575,178.38131
-37.84406,178.28354
-37.80472,178.1606783
-37.82265,178.1993567
-37.86045833,178.1661933
-37.95580167,178.1928183
-38.32191944,178.1599694
-38.33879667,178.06442
-38.41129667,177.9677717
-38.40905,177.9540033
-38.40905,177.9540033
-38.40928,177.9399883
-38.41421667,177.9276233
-38.42395,177.9203883
-38.42395,177.9203883
-38.42395,177.9203883
-38.435315,177.8810883
-38.45889,177.8663267
-38.45889,177.8663267
-38.45889,177.8663267
-38.47131,177.863495
-38.47436667,177.8380717
-38.47436667,177.8380717
-38.47436667,177.8380717
-38.47436667,177.8380717
-38.47436667,177.8380717
-38.47275,177.8300217
-38.47275,177.8300217
-38.47220667,177.8785183
-38.48252833,177.88425
-38.50400667,177.89769
-38.50400667,177.89769
-38.51735167,177.901205
-38.51735167,177.901205
-38.51735167,177.901205
-38.51735167,177.901205
-38.51735167,177.901205
-38.51735167,177.901205
-38.51735167,177.901205
-38.53104333,177.90368
-38.54511167,177.9077067
-38.558175,177.9141433
-38.58163167,177.9318567
-38.51032833,178.07581
-38.51032833,178.07581
-38.37667,178.1708433
-38.37667,178.1708433
-44.49554738,171.1982472
-44.49558612,171.2007612
-44.49554738,171.1982472
-44.49740489,171.2019641
-44.50004596,171.1981117
-44.49818832,171.1943947
-44.49816889,171.1931377
-44.49816889,171.1931377
-44.49814945,171.1918806
-44.49644709,171.1982201
-44.49644709,171.1982201
-44.49288697,171.2008423
-44.49644709,171.1982201
-44.49728861,171.1944219
-44.49818832,171.1943947
-44.49728861,171.1944219
-44.49816889,171.1931377
-44.49726918,171.1931648
-44.49728861,171.1944219
-44.49814945,171.1918806
-44.49545031,171.1919621
-44.49449218,171.1882183
-44.4943554,171.1794195
-44.49437498,171.1806765
-44.4943554,171.1794195
-44.4943554,171.1794195
-44.48803781,171.1783542
-44.48711848,171.1771247
-44.48709886,171.1758679
-44.48529943,171.1759228
-44.48619914,171.1758953
-44.48124553,171.1471284
-44.49153849,171.1719601
-44.46487066,171.1363226
-44.46039215,171.1377189
-44.43172938,171.0908722
-44.43520459,171.0832233
-44.43172938,171.0908722
-44.43152305,171.0783161
-44.42698307,171.0759495
-44.42786205,171.0746651
-44.41507887,171.0637729
-44.41407468,171.0575258
-44.41681564,171.0599488
-44.41411651,171.0600363
-44.41499531,171.0587518
-44.41407468,171.0575258
-44.41497439,171.0574966
-44.41497439,171.0574966
-44.41407468,171.0575258
-44.41407468,171.0575258
-44.41407468,171.0575258
-44.41407468,171.0575258
-44.41315402,171.0562998
-44.41315402,171.0562998
-44.41223336,171.0550738
-44.41223336,171.0550738
-44.41225431,171.056329
-44.41223336,171.0550738
-44.41317497,171.057555
-44.41407468,171.0575258
-44.41315402,171.0562998
-44.41405373,171.0562706
-44.39919433,171.0291298
-44.39919433,171.0291298
-44.40005152,171.0265903
-44.40005152,171.0265903
-44.40005152,171.0265903
-44.39983813,171.0140411
-44.49646648,171.1994771
-44.46125174,171.1351784
-44.41400122,171.0574086
-44.41407468,171.0575258
-44.41423135,171.0572149
-44.41581013,171.058414
-44.4621462,170.9730052
-44.4621462,170.9730052
-44.51247483,170.9172001
-44.48969018,170.901646
-44.48969018,170.901646
-44.49144421,170.899069
-44.28779674,171.1928264
-44.28797864,171.1929463
-44.28808224,171.1938204
-44.28743684,171.1928372
-44.28785946,171.1910701
-44.28805889,171.1923173
-44.28851656,171.1928047
-44.29020084,171.2144347
-44.29092643,171.2147891
-44.29317391,171.2145969
-44.28614418,171.179217
-44.28606597,171.1799712
-44.28713596,171.1850767
-44.28723766,171.1858256
-44.29677878,171.1915532
-44.29713479,171.1912918
-44.2940756,171.191384
-44.29742808,171.192787
-44.34970224,171.2327316
-44.34561266,171.2295938
-36.8736612,174.866938
-44.34649031,171.2301382
-44.34505565,171.2284813
-44.34468431,171.2277396
-44.34251535,171.2271765
-44.34296523,171.2271632
-44.34032157,171.2249837
-44.33831726,171.2234125
-44.32554801,171.2125049
-44.32582948,171.2132489
-44.32609364,171.2128648
-44.32582563,171.2129982
-44.32554608,171.2123795
-44.3164328,171.2051284
-44.31579331,171.2045207
-44.31570719,171.204774
-44.31525151,171.2044115
-44.3103132,171.2110782
-44.31415826,171.2035666
-44.31394154,171.201191
-44.30759477,171.1982473
-44.30495635,171.1964462
-44.30486638,171.1964489
-44.30456925,171.1947029
-44.29894404,171.191864
-44.2975944,171.1919047
-44.29632305,171.1911909
-44.29586928,171.190954
-44.29442772,171.1908721
-44.2979835,171.193773
-44.29466255,171.188609
-44.29538431,171.1887126
-44.29575982,171.1897039
-44.29338338,171.1873944
-44.28673106,171.1822067
-44.28703621,171.1844532
-44.28722398,171.1849488
-44.28684648,171.1838323
-44.28742933,171.1865717
-44.28720819,171.1897112
-44.28804526,171.1914404
-44.2879767,171.192821
-44.28807835,171.1935698
-44.28950045,171.1923991
-44.28734687,171.19284
-44.28770093,171.1924534
-44.28770482,171.1927039
-44.28950045,171.1923991
-44.29300174,171.1917924
-44.29102226,171.191852
-44.29425555,171.1913786
-44.28746447,171.1888263
-44.28714964,171.1859535
-44.28513679,171.1781197
-44.28539886,171.1776105
-44.28614221,171.1790917
-44.28606989,171.1802217
-44.27294092,171.1753578
-44.2747774,171.1949724
-44.27459356,171.1947274
-44.27504539,171.1948391
-44.27668319,171.2134585
-44.27751798,171.2150625
-44.27631751,171.2130935
-44.27585415,171.2122303
-44.27668896,171.2138342
-44.27824933,171.2157925
-44.28130277,171.2153259
-44.28184071,171.2151846
-44.28229251,171.2152964
-44.28247439,171.2154163
-44.28265434,171.215411
-44.28328418,171.2153923
-44.28319036,171.2151444
-44.27663948,171.2223556
-44.27661259,171.226491
-44.27662977,171.2276181
-44.27639226,171.2297551
-44.34387644,171.2278889
-44.30104852,171.1940568
-44.28966099,171.2144507
-44.28966099,171.2144507
-44.29056076,171.214424
-44.28847131,171.1956884
-44.28946805,171.2019245
-44.28948741,171.2031771
-44.28841295,171.1919306
-44.28843242,171.1931832
-44.29021247,171.1918764
-44.28747422,171.1894526
-44.28655495,171.1882272
-44.28743519,171.1869474
-44.28649635,171.1844695
-44.28737655,171.1831897
-44.28737655,171.1831897
-44.28551827,171.1794866
-44.28551827,171.1794866
-44.28639841,171.1782067
-44.28641803,171.1794593
-44.28729817,171.1781794
-44.28729817,171.1781794
-44.28639841,171.1782067
-44.28549866,171.178234
-44.29146052,171.2143972
-44.28966099,171.2144507
-44.28956469,171.2081876
-44.28956469,171.2081876
-44.28946805,171.2019245
-44.28753265,171.1932103
-44.28843242,171.1931832
-44.28843242,171.1931832
-44.28753265,171.1932103
-44.28843242,171.1931832
-44.28753265,171.1932103
-44.28933217,171.1931561
-44.28933217,171.1931561
-44.29559156,171.190461
-44.29649132,171.1904339
-44.29649132,171.1904339
-44.29649132,171.1904339
-44.28841295,171.1919306
-44.28747422,171.1894526
-44.28841295,171.1919306
-44.28841295,171.1919306
-44.28841295,171.1919306
-44.28837398,171.1894254
-44.28841295,171.1919306
-44.28743519,171.1869474
-44.28743519,171.1869474
-44.28743519,171.1869474
-44.28743519,171.1869474
-44.28743519,171.1869474
-44.28743519,171.1869474
-44.28743519,171.1869474
-44.28562237,171.0742186
-44.28745471,171.1882
-44.28745471,171.1882
-44.28645722,171.1819644
-44.30133869,171.2128499
-44.2995584,171.2141563
-44.29056076,171.214424
-44.29057998,171.2156766
-44.29057998,171.2156766
-44.28966099,171.2144507
-44.28966099,171.2144507
-44.28966099,171.2144507
-44.29056076,171.214424
-44.29743003,171.1929123
-44.29561104,171.1917138
-44.29469179,171.1904881
-44.29291176,171.1917951
-44.28931271,171.1919035
-44.28843242,171.1931832
-44.28753265,171.1932103
-44.28751319,171.1919577
-44.28841295,171.1919306
-44.28743519,171.1869474
-44.28555746,171.1819916
-44.28643763,171.1807118
-44.28639841,171.1782067
-44.29743003,171.1929123
-44.29561104,171.1917138
-44.33769125,171.2236818
-44.31014318,171.2000513
-44.31198143,171.2025035
-44.30855602,171.2138885
-44.30491849,171.2114897
-44.29056076,171.214424
-44.29056076,171.214424
-44.30208408,171.2027999
-44.30208408,171.2027999
-44.30116496,171.201574
-44.29291176,171.1917951
-44.29471128,171.1917409
-44.29471128,171.1917409
-44.29023194,171.1931291
-44.28751319,171.1919577
-44.28860698,171.2044566
-44.28753265,171.1932103
-44.28827631,171.1831625
-44.28643763,171.1807118
-44.28727854,171.1769268
-44.28813901,171.1743943
-44.28815866,171.1756469
-44.28813901,171.1743943
-44.32291369,171.2109533
-44.31653823,171.2061283
-44.30468643,171.1964544
-44.28968021,171.2157034
-44.28966099,171.2144507
-44.28964176,171.2131981
-44.29144129,171.2131445
-44.29146052,171.2143972
-44.29836868,171.1953908
-44.29653026,171.1929394
-44.29465279,171.1879827
-44.29649132,171.1904339
-44.28931271,171.1919035
-44.29023194,171.1931291
-44.28841295,171.1919306
-44.28850818,171.1919277
-44.28760855,171.1919631
-44.28751319,171.1919577
-44.28663289,171.1932374
-44.28555746,171.1819916
-44.28647679,171.1832169
-44.28559659,171.1844967
-44.28649635,171.1844695
-44.28743519,171.1869474
-44.2875987,171.1803037
-44.28727854,171.1769268
-44.28733739,171.1806846
-44.28549866,171.178234
-44.28182102,171.1733335
-44.28847131,171.1956884
-44.29021247,171.1918764
-44.28641803,171.1794593
-44.34752046,171.2298121
-44.34752046,171.2298121
-44.34752046,171.2298121
-44.32200146,171.2092488
-44.30651211,171.1971754
-44.29837542,171.194913
-44.29835597,171.1936602
-44.29651752,171.1912089
-44.29651752,171.1912089
-44.29559828,171.1899832
-44.29471801,171.1912631
-44.29467902,171.1887576
-44.29467902,171.1887576
-44.29467902,171.1887576
-44.29104094,171.186361
-44.28554455,171.1802614
-44.28642471,171.1789816
-44.28663866,171.1789551
-44.28550532,171.1777564
-44.28997328,171.2154806
-44.29087304,171.2154539
-44.28993482,171.2129753
-44.28864749,171.1879499
-44.29046652,171.1891483
-44.28868649,171.1904552
-44.28776724,171.1892297
-44.28596771,171.189284
-44.28682845,171.1867517
-44.28684797,171.1880043
-44.29046652,171.1891483
-44.28864749,171.1879499
-44.28772821,171.1867245
-44.28590915,171.1855264
-44.28498984,171.184301
-44.28671103,171.1792364
-44.29146052,171.2143972
-44.29146052,171.2143972
-44.30855602,171.2138885
-44.27070737,171.1536266
-44.26978771,171.1524021
-44.26984737,171.1561586
-44.26982749,171.1549065
-44.27068747,171.1523744
-44.27070737,171.1536266
-44.27070737,171.1536266
-44.26980762,171.1536543
-44.26978771,171.1524021
-44.27070737,171.1536266
-44.26954786,171.1373758
-44.26954786,171.1373758
-44.26954786,171.1373758
-44.26894761,171.1561863
-44.26894761,171.1561863
-44.26982749,171.1549065
-44.26982749,171.1549065
-44.26793169,171.2647288
-44.26793169,171.2647288
-44.27102389,171.1736621
-44.25955003,171.1314231
-44.25910015,171.1314371
-44.25865028,171.1314511
-44.25775052,171.1314791
-44.25777064,171.1327311
-44.25785102,171.1377388
-44.262209,171.128835
-44.26128908,171.1276111
-44.26128908,171.1276111
-44.26128908,171.1276111
-44.26038932,171.1276391
-44.26128908,171.1276111
-44.26128908,171.1276111
-44.26037923,171.1270131
-44.25856962,171.1264433
-44.25936826,171.1201554
-44.25582996,171.1240238
-44.26024775,171.1188752
-44.25940875,171.1226593
-44.26120826,171.122603
-44.26028827,171.1213792
-44.25938851,171.1214074
-44.26168847,171.124467
-44.26214845,171.1250789
-44.2607685,171.1232431
-44.26030851,171.1226312
-44.25940875,171.1226593
-44.26036914,171.1263871
-44.26034894,171.1251351
-44.26120826,171.122603
-44.25946938,171.1264152
-44.25764968,171.1252195
-44.25936826,171.1201554
-44.26024775,171.1188752
-44.25934799,171.1189034
-44.26116777,171.120099
-44.25934799,171.1189034
-44.25928712,171.1151476
-44.26108662,171.115091
-44.25936826,171.1201554
-44.26024775,171.1188752
-44.26016293,171.1247652
-44.25844531,171.1243178
-44.25763351,171.124218
-44.26086999,171.1552501
-44.25253263,171.1429136
-44.25343244,171.1404491
-44.25341236,171.141634
-44.25341236,171.141634
-44.25329197,171.1341229
-44.25865028,171.1314511
-44.26040949,171.1288911
-44.25955003,171.1314231
-44.26042964,171.1301431
-44.26038932,171.1276391
-44.26042944,171.1277061
-44.26038932,171.1276391
-44.2612689,171.126359
-44.26210801,171.1225749
-44.28212153,171.3501258
-44.28212153,171.3501258
-44.28212153,171.3501258
-44.27817843,171.3513617
-44.27817843,171.3513617
-44.27816069,171.3501093
-44.26266825,171.3367561
-44.26176847,171.336781
-44.26447447,171.2753272
-44.26357469,171.275353
-44.28089553,171.3525401
-44.27913135,171.3550943
-44.27238632,171.3239592
-44.26506148,171.315395
-44.26597938,171.316622
-44.26506148,171.315395
-44.26506148,171.315395
-44.26506148,171.315395
-44.26506148,171.315395
-44.26506148,171.315395
-44.26506148,171.315395
-44.26506148,171.315395
-44.26506148,171.315395
-44.26506148,171.315395
-44.26506148,171.315395
-44.2650252,171.3128908
-44.2650252,171.3128908
-44.25343239,171.1428858
-44.25163286,171.1429415
-44.2525126,171.1416618
-44.25339234,171.1403821
-44.25339234,171.1403821
-44.24795368,171.1380459
-44.16995771,170.9440962
-44.16899136,170.9403771
-44.16986885,170.9390962
-44.17074633,170.9378152
-44.17067949,170.9340651
-44.27819616,171.3526141
-44.08279089,170.8059448
-44.08373798,170.8084083
-44.07720259,170.796158
-44.07720259,170.796158
-44.07540317,170.796224
-44.07537935,170.7949761
-44.07722639,170.797406
-44.07367511,170.8000339
-44.07457482,170.8000009
-44.07090462,170.7963891
-44.07369887,170.8012818
-44.07220942,170.7987139
-44.06147683,170.774261
-44.06407964,170.76917
-44.0327117,170.7303999
-44.03266261,170.7279058
-44.03266261,170.7279058
-44.03266261,170.7279058
-44.03266261,170.7279058
-44.03266261,170.7279058
-44.03266507,170.7280305
-44.03266507,170.7280305
-44.03266507,170.7280305
-44.03266261,170.7279058
-44.03261098,170.7279156
-44.03353774,170.7266247
-44.03353774,170.7266247
-44.03353774,170.7266247
-44.03056757,170.7130098
-44.07111833,170.8076201
-44.07111833,170.8076201
-44.07890665,170.7910997
-44.07798307,170.7898848
-44.07978249,170.7898185
-44.09867439,170.8365974
-44.09777467,170.8366298
-44.09777467,170.8366298
-44.09777467,170.8366298
-44.09865101,170.8353489
-44.09867439,170.8365974
-44.09777467,170.8366298
-44.09777467,170.8366298
-44.09777467,170.8366298
-44.09770451,170.8328845
-44.0977513,170.8353814
-44.09770451,170.8328845
-44.09770451,170.8328845
-44.09770451,170.8328845
-44.09862763,170.8341005
-44.0977513,170.8353814
-44.09896034,170.8278418
-44.09297119,170.8205633
-44.09297119,170.8205633
-44.10691181,170.8437975
-44.10601209,170.8438298
-44.10601209,170.8438298
-44.10688851,170.8425488
-44.1057551,170.8300948
-44.10487882,170.831376
-44.10753108,170.8287811
-44.10546877,170.8292306
-44.10539287,170.829983
-44.10536943,170.8287344
-44.10553999,170.8282284
-44.10554702,170.828603
-44.10530708,170.8158671
-44.09851048,170.8278581
-44.10553999,170.8282284
-44.10023636,170.8286702
-44.10023636,170.8286702
-44.09960656,170.828693
-44.09896034,170.8278418
-44.09863932,170.8347247
-44.09772791,170.8341329
-44.09862763,170.8341005
-44.09867439,170.8365974
-44.09869775,170.8378459
-44.09835772,170.8341102
-44.09754032,170.8241453
-44.09527929,170.8236026
-44.09480591,170.8223705
-44.09297119,170.8205633
-44.04764329,170.7572978
-44.04764329,170.7572978
-44.04764329,170.7572978
-44.04764329,170.7572978
-44.04397172,170.7536903
-44.04397172,170.7536903
-44.04397172,170.7536903
-44.04397172,170.7536903
-44.04397172,170.7536903
-44.04032434,170.7513304
-44.0356798,170.7440161
-44.03161534,170.7204577
-44.01394747,170.8996527
-44.01402383,170.8989015
-44.01402383,170.8989015
-44.0139452,170.899528
-44.01384615,170.8990325
-44.01420151,170.8987706
-44.01385749,170.8996559
-44.01428921,170.8986428
-44.01302957,170.8986868
-44.08224076,170.9795608
-44.00611656,170.894812
-44.00611656,170.894812
-44.00611656,170.894812
-44.00611656,170.894812
-44.00611656,170.894812
-44.00247208,170.8924451
-44.00247208,170.8924451
-44.00247208,170.8924451
-44.00247208,170.8924451
-44.10772188,170.9887081
-44.10772188,170.9887081
-44.08325447,170.9795354
-44.080577,170.9808743
-44.00244932,170.8911986
-44.00247208,170.8924451
-44.00244932,170.8911986
-44.00247208,170.8924451
-44.00247208,170.8924451
-44.00247208,170.8924451
-44.00247208,170.8924451
-44.00247208,170.8924451
-44.00247208,170.8924451
-44.00247208,170.8924451
-44.00247208,170.8924451
-44.00247208,170.8924451
-44.00247208,170.8924451
-44.00244932,170.8911986
-44.00244932,170.8911986
-44.00247208,170.8924451
-44.00247208,170.8924451
-44.00247208,170.8924451
-44.00154957,170.8912301
-44.00064983,170.8912617
-43.99882756,170.8900784
-44.08597554,170.9806929
-44.08595373,170.9794447
-44.08597554,170.9806929
-44.08505398,170.9794749
-44.08505398,170.9794749
-44.08505398,170.9794749
-44.08411059,170.9770087
-44.08235471,170.9795657
-44.08235471,170.9795657
-44.08231108,170.9770693
-44.080577,170.9808743
-44.080577,170.9808743
-44.08145496,170.9795959
-44.01338267,170.8983002
-44.01338267,170.8983002
-44.00708444,170.8985203
-44.00699356,170.893534
-44.00699356,170.893534
-44.00699356,170.893534
-44.00699356,170.893534
-44.00699356,170.893534
-44.00699356,170.893534
-43.15113696,172.7359959
-43.15110957,172.7359905
-43.15136982,172.7359664
-43.15166334,172.7359637
-43.15168487,172.7359342
-43.15164963,172.7360415
-43.15162616,172.7368005
-43.15162224,172.736832
-43.15158114,172.7383756
-43.15159288,172.7383622
-43.15066928,172.7369178
-43.15084539,172.7369312
-43.15082191,172.7369473
-43.15063406,172.7370144
-43.15064384,172.7369748
-44.6908034,170.4265832
-43.17651132,172.7614554
-43.17662476,172.7613669
-43.17665801,172.7613132
-43.17678516,172.7612542
-43.17683601,172.7611791
-43.17684774,172.7610665
-43.17721352,172.7607205
-43.17753234,172.760522
-43.17737195,172.7607205
-43.17743649,172.7605864
-43.17837144,172.7599695
-43.17930441,172.7590334
-43.17933179,172.7591783
-43.17143921,172.766648
-43.17193215,172.7676726
-43.17328969,172.7704138
-43.17339532,172.7706015
-43.16999159,172.7832613
-43.17097751,172.7830789
-43.17111834,172.7832989
-43.16979988,172.7826498
-43.16979402,172.7826685
-43.17198493,172.7789001
-42.53449169,172.8122315
-42.53449367,172.8122476
-42.53467747,172.8125802
-42.53453714,172.8127357
-43.13391699,172.6375869
-43.13499549,172.636911
-43.13499549,172.636911
-43.13502094,172.6369807
-43.13295789,172.6339177
-43.13275041,172.6339445
-43.13270736,172.6338801
-43.13294224,172.6340679
-43.14870265,172.7315944
-43.14871245,172.7316561
-43.14873397,172.7316024
-43.14871636,172.731589
-43.14873984,172.7315917
-43.1486694,172.7316132
-43.1486694,172.7316132
-43.12969842,172.7316853
-43.13020541,172.7314037
-43.12374149,172.7333508
-43.12374149,172.7333508
-43.12374149,172.7333508
-43.12288402,172.7334581
-43.12288793,172.7334635
-43.12288792,172.7334527
-43.11751574,172.7346382
-43.11753924,172.7345952
-43.11745897,172.7346301
-43.11800521,172.7344021
-43.11763713,172.7345416
-43.11771154,172.7344826
-43.06598226,172.7539839
-43.06599598,172.7539705
-43.06599598,172.7539839
-42.57916756,172.7872214
-42.57941643,172.7865455
-42.57915966,172.7869692
-43.13391699,172.6375869
-42.53324644,172.821654
-42.53455888,172.8127921
-42.5345826,172.8127089
-42.53442844,172.8128994
-42.52081109,172.8139906
-42.5207775,172.8140469
-42.52032676,172.8137465
-42.52041771,172.8134086
-42.52235503,172.8145727
-42.5229975,172.8147041
-42.58380876,172.7844615
-42.58380482,172.7844293
-42.58395293,172.7844347
-42.58395095,172.7844132
-42.57893846,172.7867708
-42.5791419,172.786642
-42.57941446,172.7862075
-42.57932557,172.7861646
-42.57938285,172.7862397
-43.12933628,172.7320152
-43.14264001,172.7130793
-43.14297076,172.7131437
-42.53249536,172.8217022
-42.53248152,172.8215065
-42.53228585,172.8202083
-42.53231352,172.8203611
-43.12701858,172.7248752
-42.55086256,172.8072619
-42.56575948,172.7941839
-42.56570614,172.7942644
-42.56084424,172.8040221
-43.13127422,172.7156057
-43.13015653,172.7158283
-43.13195933,172.7154555
-42.57937491,172.7863197
-43.21359344,172.7503035
-43.21359929,172.750333
-43.20696046,172.7448532
-43.206937,172.7447996
-43.20805718,172.754914
-43.20835043,172.7548175
-43.17334054,172.7705613
-43.14757354,172.7293333
-43.14734458,172.7293118
-43.17548436,172.7747374
-43.17549415,172.7747777
-43.51916035,171.6510634
-43.52098858,171.6553871
-43.52008225,171.6559718
-43.52000055,171.6558913
-43.52002778,171.6559289
-43.5200628,171.6558859
-43.51975161,171.6559503
-43.51977493,171.6559744
-43.51925952,171.6571626
-43.51928286,171.6571734
-43.65295343,172.5816133
-43.65296549,172.5816337
-43.65296355,172.5816578
-43.65254201,172.582485
-43.65254589,172.5824716
-43.65254007,172.5824582
-43.65238675,172.5826996
-43.6522742,172.5829517
-43.65231689,172.5827157
-43.65232854,172.5827345
-43.65047709,172.5847648
-43.65128831,172.5842713
-43.6513116,172.5842821
-43.65130384,172.5843035
-43.57354355,172.5888305
-43.57356104,172.5888331
-43.57501651,172.5873687
-43.57487851,172.5936369
-43.57489794,172.5936423
-43.57577624,172.5946078
-43.57818957,172.5970942
-43.57820512,172.5971076
-43.57765134,172.5966088
-43.57703733,172.5959302
-43.58389224,172.5953106
-43.58813484,172.5978802
-43.58814894,172.5978453
-43.58910089,172.5957505
-43.59401389,172.5844372
-43.59573694,172.5810067
-43.59799024,172.5722844
-43.60082418,172.573018
-43.60031723,172.5727618
-43.60030461,172.5727578
-43.60053096,172.5609281
-43.60581975,172.5592974
-43.60605476,172.5592813
-43.60834259,172.5590936
-43.60838823,172.5591512
-43.60827753,172.5589702
-43.60828627,172.5589554
-43.61024383,172.56966
-43.61855905,172.5708107
-43.61855808,172.5708241
-43.62336473,172.5719654
-43.62243859,172.5705358
-43.62318224,172.5694911
-43.62319097,172.5695206
-43.62811863,172.564159
-43.62823026,172.5641308
-43.62819919,172.5641147
-43.63501914,172.5672073
-43.63503273,172.5672073
-43.63504826,172.5672073
-43.63499584,172.5672019
-43.63490461,172.5672958
-43.63491626,172.5671885
-43.63436688,172.5675587
-43.63916357,172.5607916
-43.64378323,172.5569964
-43.64379876,172.5570017
-43.64470712,172.556586
-43.64472071,172.556578
-43.64839089,172.5554756
-43.64807648,172.5553388
-43.64808619,172.5553362
-43.65265663,172.5543518
-43.65268962,172.554317
-43.64188691,172.5542686
-43.64192185,172.5542579
-43.65518524,172.5610224
-43.65521434,172.5610117
-43.65697056,172.5612906
-43.65657857,172.5610814
-43.65635734,172.5611699
-43.65637481,172.5612182
-43.6565514,172.5610948
-43.65767299,172.5679746
-43.65880621,172.5741972
-43.65876158,172.5742052
-43.65874217,172.5741784
-43.65879651,172.5741462
-43.65880427,172.5741677
-43.67797889,172.5686882
-43.67794009,172.5686935
-43.67790906,172.5686989
-43.67723591,172.569517
-43.67722815,172.5695411
-43.67594007,172.5697852
-43.67592455,172.5697637
-43.67392834,172.5680337
-43.67394192,172.5680203
-43.6672428,172.5674033
-43.66742519,172.567339
-43.66744071,172.5673282
-43.66745234,172.5673202
-43.66360685,172.5481642
-43.66464686,172.5491673
-43.66463132,172.5492102
-43.66458476,172.5493926
-43.66420057,172.5521338
-43.66395609,172.5520104
-43.66386683,172.5518495
-43.6639231,172.5519997
-43.66387266,172.5519487
-43.66384743,172.5519675
-43.66384938,172.551946
-43.66383386,172.5519192
-43.66403954,172.5483171
-43.66394447,172.5482661
-43.66365344,172.5421454
-43.66357972,172.5420489
-43.66354479,172.5420113
-43.64859478,172.5340184
-43.64857149,172.534013
-43.64852879,172.5338038
-43.64848221,172.533675
-43.6485676,172.5339808
-43.67410508,172.5246176
-43.67835925,172.5345041
-43.67958908,172.5373042
-43.67958713,172.5373445
-43.68079754,172.5401071
-43.71827546,172.5733931
-43.71834137,172.5734199
-43.71422383,172.552896
-43.37331176,172.5993802
-43.3737394,172.5997236
-43.37334148,172.6289675
-43.37345845,172.6291445
-43.16890018,172.7324476
-43.16889236,172.7324262
-43.16888845,172.732402
-43.16890606,172.7323859
-43.1688239,172.7319273
-43.16881216,172.731938
-43.16881216,172.7319568
-43.16876325,172.7316671
-43.16875934,172.7316457
-43.16877304,172.7316537
-43.16861263,172.7307417
-43.16861067,172.7307632
-43.16861066,172.7307873
-43.16860872,172.7308142
-43.16861458,172.7308329
-43.16846005,172.7298057
-43.16845809,172.7297896
-43.16845026,172.7297681
-43.16844635,172.7297494
-43.1684444,172.7297333
-43.16844831,172.7297172
-43.16845809,172.7297091
-43.16847178,172.7297011
-43.16818814,172.7281159
-43.16818617,172.7281025
-43.16818422,172.7280864
-43.16818423,172.7280542
-43.16818422,172.7280703
-43.16748584,172.7250636
-43.16750149,172.7250984
-43.15846479,172.7207505
-43.15850394,172.7207022
-43.1676717,172.7240283
-43.16766779,172.7240363
-43.16759538,172.7241382
-43.1675054,172.7243716
-43.16742129,172.7249214
-43.16743498,172.7249134
-43.16758562,172.7252701
-43.16762473,172.7253452
-43.16765603,172.7253881
-43.16769712,172.7254149
-43.16783211,172.7258173
-43.16783601,172.7258334
-43.16784384,172.7258522
-43.16785949,172.7259567
-43.16785949,172.7259675
-43.16786142,172.7259862
-43.16789666,172.7262491
-43.16790644,172.7262357
-43.2466578,172.7167394
-43.24771671,172.7162459
-43.24775189,172.716262
-43.24846694,172.7154252
-43.43014587,172.6200123
-43.43298579,172.6164558
-43.43098345,172.618977
-43.43094839,172.6189877
-43.43644122,172.5880732
-43.43228445,172.6413355
-43.43231561,172.6412604
-43.15469632,172.7226575
-43.15469828,172.7226334
-43.15488221,172.7201979
-43.15502505,172.7198788
-43.15501918,172.7199217
-43.15392146,172.7242882
-43.14861656,172.731522
-43.14867723,172.7316024
-43.2101216,172.7542623
-43.21320636,172.7554801
-43.21359733,172.7558207
-43.21332561,172.7553299
-43.17547068,172.7747374
-43.17103228,172.7831942
-43.17100098,172.783095
-43.17098141,172.7832533
-43.17105771,172.7834222
-43.15829628,172.7938208
-43.15831194,172.7938101
-43.18266646,172.7741528
-43.18273296,172.7742708
-43.18272122,172.7743138
-43.39010417,172.6654424
-43.3824981,172.6769971
-43.3824864,172.6769541
-43.3825137,172.67704
-43.38122716,172.6675129
-43.3450568,172.6369304
-43.34504705,172.6369438
-43.34508215,172.6368365
-43.34508995,172.6368553
-43.34523235,172.6366649
-43.34524014,172.6366515
-43.34519334,172.6366407
-43.34670889,172.6396501
-43.34672256,172.6396877
-43.34673426,172.6397172
-43.34675376,172.639736
-43.34763147,172.6446685
-43.34764511,172.64436
-43.34762561,172.6444995
-43.34835515,172.6340498
-43.34963466,172.6329126
-43.34966197,172.6328965
-43.34985701,172.6327785
-43.35652324,172.6259927
-43.35655833,172.6259444
-43.37145613,172.6263255
-43.37146977,172.6263496
-43.37148342,172.6263684
-43.37414471,172.6323309
-43.37410377,172.632339
-43.37426754,172.632288
-43.37424999,172.6322558
-43.37412327,172.6320654
-43.37411742,172.6320493
-43.37410767,172.6320305
-43.37410572,172.632009
-43.37518386,172.6342809
-43.37518775,172.6343077
-43.37518386,172.6343399
-43.37323619,172.6287207
-43.37324789,172.6287395
-43.37326154,172.6287582
-43.37327129,172.6287797
-43.37328103,172.6287985
-43.37300808,172.6282942
-43.37301588,172.6283076
-43.37177783,172.6256711
-43.36986515,172.6214922
-43.3698515,172.6214734
-43.36983981,172.6214466
-43.36345791,172.6071747
-43.36343841,172.6071881
-43.36341891,172.6072096
-43.37208398,172.6186063
-43.37211128,172.6185821
-43.37209958,172.6186116
-43.37717446,172.6197167
-43.37547247,172.6213475
-43.37729143,172.6195317
-43.37729923,172.6195156
-43.37730898,172.6194968
-43.37835779,172.6244722
-43.3783656,172.624499
-43.37837339,172.6245205
-43.37836949,172.6245473
-43.37836754,172.6245715
-43.37835779,172.6245983
-43.37831295,172.6261513
-43.37834218,172.6275353
-43.37842409,172.6238071
-43.37395951,172.629689
-43.37323814,172.6290479
-43.37335901,172.6292249
-43.37333368,172.6292196
-43.37322059,172.629115
-43.3731465,172.6290586
-43.36323156,172.6326821
-43.38393294,172.6574388
-43.38496022,172.6586753
-43.38482183,172.6586028
-42.58703568,172.7817526
-42.58600284,172.7823963
-42.59030587,172.7787513
-42.61856323,172.760658
-42.61862837,172.7606312
-42.6468884,172.7738041
-42.64701664,172.7738041
-42.6470344,172.7738014
-42.64690025,172.7737612
-42.67356202,172.7759478
-42.69062953,172.8004259
-42.69057828,172.8003561
-42.69059405,172.800383
-42.64074148,173.016663
-42.64075528,173.0165235
-42.6407099,173.0165315
-42.64070991,173.0164001
-42.64068821,173.0164242
-43.50942851,171.8728273
-42.52229446,172.8344761
-42.52346943,172.8347511
-42.52384998,172.834415
-42.52428812,172.8342853
-42.52433761,172.8342708
-42.5243239,172.8342757
-42.52940786,172.8323183
-42.52908326,172.8319596
-42.52943555,172.8323049
-42.52912212,172.831943
-42.52940825,172.8323096
-42.52947768,172.832218
-42.5294499,172.8322041
-42.5294499,172.8322041
-42.5288249,172.8330124
-42.52876381,172.8330568
-42.52891656,172.8329207
-42.5289888,172.8329041
-42.52951655,172.833743
-42.52952767,172.8334235
-42.5294471,172.8334096
-42.52878601,172.8337901
-42.529711,172.832493
-42.52986655,172.8327069
-42.52992489,172.8327207
-42.52989989,172.8326763
-42.53459642,172.8127492
-42.52005559,172.8360788
-42.52429876,172.8342666
-42.52434601,172.8342837
-42.52436663,172.8342623
-42.5254083,172.8344012
-42.52721938,172.832904
-42.52730829,172.8332568
-42.5270555,172.8328429
-42.58080681,172.7880904
-42.58079497,172.7881173
-42.5671353,172.8392218
-42.56724918,172.8405051
-42.56696853,172.8541161
-42.55838655,172.856342
-42.52943046,172.8322485
-42.52943046,172.8322485
-42.5294249,172.8322652
-42.52903047,172.8323707
-42.52894711,172.8329041
-42.52887769,172.8329346
-42.52884711,172.8330569
-42.5293888,172.8321263
-42.52916935,172.8320346
-42.52916935,172.8320346
-42.52989434,172.832768
-42.52987768,172.8326152
-42.52972211,172.8323569
-42.5289749,172.8334096
-42.5292249,172.833318
-42.52998045,172.8327513
-42.5243297,172.8343566
-43.6012001,172.5600873
-43.60129526,172.5600967
-43.60856884,172.5589447
-43.60838144,172.5589836
-43.60830666,172.5591016
-43.60829696,172.5591016
-43.60827462,172.5591539
-43.6083358,172.5589836
-43.60829308,172.5589876
-43.61532404,172.5585438
-43.61955427,172.5582085
-43.61953969,172.5581978
-43.62101832,172.5580785
-43.62965919,172.5563794
-43.62964366,172.5563794
-43.62961066,172.5560683
-43.6296029,172.5561916
-43.64187138,172.5542042
-43.64194902,172.5542311
-43.64190632,172.5541989
-43.64138232,172.5363464
-43.64140756,172.5363598
-43.64142697,172.5363652
-43.64297007,172.5357698
-43.64297978,172.5358422
-43.65270127,172.5542982
-43.65265469,172.5543438
-43.64720699,172.5557465
-43.6368905,172.5602605
-43.6369235,172.5602525
-43.62810795,172.5641
-43.62812737,172.5640745
-43.62816911,172.5639109
-43.61641724,172.5706242
-43.61639297,172.5706403
-43.61404815,172.5709166
-43.61405204,172.570997
-43.64479835,172.556645
-43.64505067,172.5566236
-43.64572804,172.5564653
-43.65431005,172.5572808
-43.65431781,172.5573237
-43.6544129,172.5573612
-43.65525317,172.5612745
-43.6552357,172.5610814
-43.6551736,172.5610439
-43.65511928,172.5581525
-43.65592073,172.559389
-43.65594596,172.5594694
-43.65633213,172.5607542
-43.65644661,172.5609232
-43.65635347,172.5612718
-43.65744014,172.5667837
-43.65744402,172.5668212
-43.65745178,172.5664833
-43.65743238,172.5663921
-43.66401231,172.5624172
-43.66401038,172.5623796
-43.65838713,172.5577153
-43.65843372,172.5577663
-43.65839103,172.5573157
-43.65834833,172.5571977
-43.66362241,172.5420837
-43.6635739,172.5420167
-43.66355643,172.5420435
-43.66269886,172.5320578
-43.66271243,172.5319559
-43.67212825,172.5141437
-43.67216705,172.5141411
-43.68461689,172.5214339
-43.68599787,172.5265435
-43.68598235,172.5265193
-43.69063328,172.5329673
-43.69968782,172.536945
-43.69970334,172.5368833
-43.69971303,172.536827
-43.69971885,172.5367841
-43.71092413,172.5457989
-43.73422763,172.5715158
-43.73432452,172.5716124
-43.75313973,172.6044476
-43.75313198,172.6045603
-43.6532448,172.5221177
-43.65323316,172.5221418
-43.36216671,172.0501115
-43.36190346,172.0500686
-43.36238316,172.0515035
-43.362233,172.0513694
-43.362233,172.0514043
-43.51985467,171.656814
-43.51931008,171.6578144
-43.51908838,171.6513021
-43.51912534,171.6513691
-43.51910589,171.651337
-43.51984299,171.656771
-43.51984884,171.6567871
-43.51985273,171.6568032
-43.51985273,171.6567791
-43.51965046,171.6561032
-43.51925368,171.6575167
-43.53092993,171.6983878
-43.53094939,171.6984897
-43.53094939,171.6985701
-43.89048808,172.2399211
-43.89049388,172.2398943
-43.89050162,172.2398675
-43.8898734,172.2392452
-43.88997585,172.2393981
-43.88975355,172.2390467
-43.88829993,172.2369761
-43.88823806,172.2369439
-43.88824776,172.2369654
-43.88826321,172.2369815
-43.88822841,172.2369868
-43.88823421,172.237011
-43.88821487,172.236968
-43.89011115,172.2395134
-43.89008794,172.239492
-43.89010149,172.2395885
-43.89020973,172.2390575
-43.88978641,172.2389394
-43.8897613,172.2389126
-43.88988115,172.2392157
-43.88965885,172.2388992
-43.88981155,172.2388885
-43.88941141,172.2384727
-43.8893341,172.2383225
-43.88930703,172.2382877
-43.88822067,172.2369224
-43.88825546,172.2370083
-43.88819942,172.2369519
-43.88819749,172.2369278
-43.88820716,172.2368956
-42.38841346,173.6207931
-42.36078943,173.5734544
-42.36076366,173.5734329
-42.36098762,173.5735054
-42.3584107,173.6659793
-42.35842657,173.6660705
-42.3584781,173.666108
-42.35842657,173.6662475
-42.38847488,173.6209674
-42.38844319,173.6207958
-42.3953765,173.6282952
-42.39616883,173.6285098
-42.36291566,173.6691148
-42.36286213,173.669155
-42.3628007,173.6690182
-42.41805303,173.6314925
-42.38925541,173.6227457
-42.38926928,173.6227618
-42.38930691,173.6240734
-42.40356446,173.6823303
-42.39471462,173.6784679
-42.39471065,173.6784465
-42.39211371,173.6724518
-42.3892039,173.6226223
-42.3892257,173.6226223
-42.38923956,173.6226035
-42.38920786,173.6225231
-42.38922571,173.6225553
-42.3893386,173.6240841
-42.38952878,173.6241619
-42.38952879,173.624178
-42.38954069,173.6241726
-42.40100751,173.6801148
-42.40105107,173.6798895
-42.40427351,173.6825261
-42.40428738,173.6825476
-42.40423786,173.6824725
-42.40479637,173.6836526
-42.40480429,173.6836795
-42.39454425,173.6784089
-42.39452048,173.6784089
-42.39455812,173.6784116
-42.40322778,173.6809597
-42.40325945,173.6809892
-42.40328521,173.6810053
-42.4015601,173.6802409
-42.40149475,173.6803777
-42.40150859,173.6803589
-42.4015205,173.6803455
-42.40153236,173.6803348
-42.40140363,173.6804501
-42.40139768,173.680426
-42.40141946,173.6804367
-42.40136796,173.6800505
-42.40136401,173.6800746
-42.40128676,173.680088
-42.40113624,173.6797018
-42.40132837,173.6789964
-42.40151652,173.6803509
-42.38842932,173.6207153
-42.39020234,173.6219652
-42.39012311,173.6220725
-42.39013895,173.6222013
-42.39020234,173.6221691
-42.39070947,173.6244006
-42.39066192,173.6243148
-42.39070947,173.6243363
-42.39036082,173.6232097
-42.39008349,173.6213215
-42.38925938,173.6226947
-42.38954859,173.6241592
-42.38954662,173.6241351
-42.38953473,173.6240734
-42.38971896,173.6246313
-42.38973481,173.624583
-42.38712375,173.6267824
-42.38676339,173.5097089
-42.38643055,173.5105618
-42.40129073,173.6802409
-42.40125705,173.6806191
-42.40146106,173.681067
-42.40149474,173.681177
-42.40153831,173.6802784
-42.4032773,173.6809812
-42.40425568,173.6824886
-42.35717402,173.6469626
-42.35721167,173.6468419
-42.35479145,173.6662743
-42.35466063,173.6663172
-42.35449414,173.6662689
-42.35471217,173.6664137
-42.39028151,173.6359474
-42.39045584,173.6360278
-42.39046771,173.6360332
-44.43923974,171.1580745
-44.43888368,171.1582777
-44.43885591,171.1582916
-44.43104936,171.1500437
-44.43073465,171.1501296
-44.43109953,171.1499107
-44.4309533,171.1499917
-44.4316704,171.1497713
-44.43148383,171.1499601
-44.44123365,171.1680887
-44.44130309,171.1680721
-44.25489222,171.2761947
-44.25571997,171.2757197
-44.2566755,171.2750336
-44.25669856,171.2750712
-44.25660883,171.2748669
-44.23844273,171.2427007
-44.23844273,171.2427007
-44.24606471,171.2660309
-44.24610082,171.266092
-44.24648692,171.2668254
-44.24661469,171.2670392
-44.2466008,171.2671615
-44.24662025,171.2671615
-44.24658692,171.2671615
-44.22995413,171.2033485
-44.22994302,171.2033652
-44.22993469,171.203304
-44.22959026,171.2009846
-44.22960414,171.2009541
-44.11857424,171.208612
-44.11857424,171.208612
-44.11858813,171.208612
-44.11843258,171.2085981
-44.11843536,171.2085842
-44.06518694,171.2281141
-44.06516472,171.2281446
-44.02317138,171.2810601
-44.02322693,171.2811823
-44.02322693,171.2811823
-44.02301027,171.2808323
-44.01967151,171.2761157
-43.98074381,171.2796075
-43.90433359,171.2343204
-43.90423914,171.2342148
-43.90425859,171.2342454
-43.32037988,172.5264787
-43.32039744,172.5266154
-43.32037403,172.5267844
-43.32039353,172.5268112
-43.32044233,172.5265967
-43.32040135,172.5267737
-43.32037597,172.5270526
-43.32082673,172.5270285
-43.32053404,172.5265403
-43.32036817,172.5264036
-43.32034671,172.5263821
-43.32031744,172.5263982
-43.32035061,172.5264572
-43.32025499,172.5263794
-43.32028232,172.5263714
-43.32032719,172.5264062
-43.32038964,172.5265806
-43.32126385,172.526079
-43.32152532,172.526256
-43.32123654,172.5255533
-43.32123459,172.5250839
-43.32102774,172.5251778
-43.32105116,172.5251429
-43.32102189,172.5251993
-43.32093993,172.52532
-43.32036623,172.526012
-43.32034086,172.5260254
-43.31988813,172.5266396
-43.31960321,172.5271438
-43.32185903,172.5240647
-43.321297,172.5284688
-43.32119942,172.529075
-43.32116429,172.5293861
-43.32107648,172.5299279
-43.32102185,172.5298448
-43.32098282,172.529826
-43.32082281,172.5295712
-43.32066865,172.5293512
-43.32048133,172.5291447
-43.32082281,172.5296114
-43.32100428,172.5304
-43.32101208,172.5304375
-43.321055,172.5304563
-43.32103355,172.5303249
-43.32081498,172.5320173
-43.32080913,172.532079
-43.32067252,172.5331197
-43.32066471,172.533184
-43.32058859,172.5338412
-43.32035831,172.5355363
-43.31390089,172.534281
-43.3136218,172.5342059
-43.3134286,172.5341013
-43.3134286,172.5338813
-43.31361987,172.5325402
-43.31359645,172.5325295
-43.31358085,172.5325429
-43.31357303,172.5325778
-43.31342862,172.5322345
-43.31348327,172.5323578
-43.31373306,172.533884
-43.31372915,172.5338867
-43.31381893,172.5337097
-43.31386966,172.5337552
-43.31395554,172.5338652
-43.31393601,172.5338599
-43.31392235,172.5338465
-43.31345983,172.534053
-43.31351447,172.5341522
-43.31352033,172.5341549
-43.31285487,172.5303784
-43.31285877,172.5304052
-43.31320239,172.5168067
-43.31313994,172.5167798
-43.31318874,172.5167557
-43.31319654,172.516745
-43.31333901,172.516745
-43.31339365,172.5168764
-43.31473439,172.5168845
-43.31467389,172.5168925
-43.31481244,172.5169247
-43.31626229,172.5313735
-43.31621545,172.5314352
-43.31610811,172.5315827
-43.31306191,172.5140923
-43.31311265,172.5140816
-43.57026086,172.5229439
-43.57026669,172.5229412
-43.69580139,172.4167913
-43.69585748,172.4167796
-43.69583992,172.4168358
-43.69586801,172.4166394
-43.69585217,172.4166335
-43.69585023,172.4166574
-43.69582697,172.4166341
-43.71078589,172.4414461
-43.71647725,172.4391548
-43.71537563,172.4392368
-43.71540077,172.439201
-43.71508104,172.4391754
-43.71506374,172.4391807
-43.71422346,172.4389826
-43.71421183,172.4389772
-43.7139786,172.4388818
-43.71367757,172.4387655
-43.71364728,172.4387555
-43.7127049,172.4380342
-43.71435518,172.4390311
-43.71468459,172.4391546
-43.68848449,172.3746985
-43.68914189,172.3740321
-43.69022943,172.3731847
-43.69150573,172.3722336
-43.69241836,172.3715371
-43.69215587,172.3716613
-43.69183763,172.3718947
-43.69152889,172.3721353
-43.6911454,172.372429
-43.69048804,172.3729308
-43.68948029,172.3737027
-43.6881835,172.3750965
-43.68845699,172.3747541
-43.68940621,172.3738077
-43.68982569,172.3734863
-43.69052068,172.3729857
-43.72993902,172.3428818
-43.73117806,172.3419469
-43.73144601,172.3417418
-43.73238428,172.3410235
-43.73283419,172.3406879
-43.73306818,172.3405109
-43.71100901,172.3045544
-43.71074653,172.3046177
-43.71048403,172.304681
-43.70978605,172.3048441
-43.66321083,172.2685795
-43.66314803,172.2688427
-43.66307243,172.2692651
-43.66308523,172.2692684
-43.66095394,172.2611163
-43.66072295,172.2607209
-43.66073185,172.2607372
-43.66069815,172.2607115
-43.6599239,172.259508
-43.65971259,172.2591891
-43.65890481,172.2579035
-43.65887589,172.2578798
-43.65888199,172.2578742
-43.65791607,172.2564447
-43.65791879,172.256431
-43.65783207,172.25632
-43.65753076,172.2558718
-43.6571401,172.2541601
-43.65713428,172.254144
-43.65712846,172.2541225
-43.64860983,172.2307434
-43.64819433,172.2319211
-43.64748453,172.2338091
-43.64712403,172.2347664
-43.64703997,172.235087
-43.64714166,172.2348133
-43.64724653,172.2345364
-43.64759753,172.2336265
-43.64784675,172.2329633
-43.64795752,172.2326685
-43.64819151,172.232052
-43.64862625,172.2309057
-43.65040159,172.2256328
-43.65038218,172.2254614
-43.65034661,172.2250188
-43.65037433,172.2242839
-43.65056079,172.2237238
-43.65030204,172.2243895
-43.65029661,172.2244207
-43.65030671,172.2243875
-43.61432611,172.1444063
-43.61434164,172.1444599
-43.60899012,172.1267792
-43.60898338,172.1267557
-43.60899698,172.1267691
-43.60900446,172.1267469
-43.58616077,172.1152757
-43.57028306,172.1065737
-43.5703419,172.1065417
-43.55245566,172.089063
-43.55229967,172.0881729
-43.55233099,172.0884256
-43.55237017,172.0887414
-43.55248099,172.0896309
-43.54982421,172.0659294
-43.54966706,172.0649088
-43.54961823,172.0644533
-43.55294896,172.0304566
-43.55298351,172.0301738
-43.55298788,172.0301007
-43.55314296,172.0288374
-43.54025171,171.953704
-43.54034116,171.9532635
-43.54124215,171.9486928
-43.54127225,171.9485281
-43.54130409,171.9483664
-43.541383,171.947996
-43.54363934,171.9429469
-43.54489173,171.9412395
-43.54474473,171.9414565
-43.54420407,171.9421639
-43.54360384,171.9428701
-43.54203868,171.9453932
-43.54167834,171.9463159
-43.54167822,171.9463153
-43.54168789,171.946299
-43.54167304,171.946326
-43.54167026,171.9463399
-43.54167582,171.946326
-43.54174804,171.9461288
-43.54191748,171.9455788
-43.54205359,171.9451982
-43.54206303,171.945217
-43.54221469,171.9448455
-43.54223483,171.9448098
-43.54222858,171.944801
-43.54223414,171.9447399
-43.54231469,171.9448149
-43.54212747,171.9452423
-43.54212303,171.9453788
-43.54160471,171.9462477
-43.5416671,171.9463355
-43.54156998,171.9466278
-43.54159321,171.9466317
-43.54064805,171.9514536
-43.54065389,171.9514375
-43.54061333,171.9515566
-43.54061749,171.9514842
-43.54020917,171.9540924
-43.54023139,171.9539397
-43.54026472,171.9537425
-43.54025639,171.9536952
-43.54034249,171.9533286
-43.54036194,171.9532841
-43.54037583,171.9531925
-43.5404286,171.9530091
-43.54039527,171.9529341
-43.54045914,171.9553591
-43.5404897,171.9555199
-43.54049526,171.9556035
-43.54060913,171.9560452
-43.54065941,171.9562548
-43.54070163,171.956428
-43.54079107,171.9567475
-43.54082302,171.9568702
-43.54129521,171.958534
-43.54066469,171.9560924
-43.53604684,171.9486164
-43.53602323,171.9485536
-43.53603962,171.9485445
-43.53612601,171.948387
-43.53614544,171.9483709
-43.53614073,171.9483837
-43.53620656,171.9482481
-43.53648434,171.9458842
-43.53648156,171.9458981
-43.53644378,171.9459974
-43.53629544,171.9472838
-43.53628711,171.9473953
-43.53625378,171.947837
-43.53610044,171.9484191
-43.48899711,171.9599803
-43.48906378,171.9600581
-43.48905989,171.9600876
-43.48889433,171.9602247
-43.48883322,171.9602858
-43.48875268,171.9603417
-43.4883552,171.960741
-43.48832491,171.9608664
-43.48780498,171.9612794
-43.48823047,171.9609719
-43.48780087,171.9612413
-43.48782214,171.9612679
-43.48810548,171.9609719
-43.4880777,171.9610025
-43.48777743,171.9612695
-43.48757829,171.9614903
-43.48743633,171.9616345
-43.47995589,172.0004753
-43.47944947,172.0027639
-43.47944755,172.0027787
-43.47944496,172.0027984
-43.47933633,172.0033569
-43.47814909,172.0086813
-43.47815487,172.0086632
-43.411772,172.0368049
-43.41229143,172.0363938
-43.41229143,172.0363938
-43.41293863,172.0359661
-43.41294695,172.0359522
-43.4136747,172.0354188
-43.41370256,172.0353791
-43.41669126,172.0339523
-43.41688291,172.0338912
-43.42061888,172.0338773
-43.41737456,172.0335856
-43.41706347,172.0337384
-43.41669681,172.0338606
-43.41628572,172.03403
-43.41331988,172.0356296
-43.41294696,172.0358744
-43.41239264,172.0362996
-43.44024028,172.0485551
-43.44012084,172.0480357
-43.44015254,172.0480953
-43.44155964,172.0575438
-43.4422457,172.0624715
-43.47555546,172.0706191
-43.48555232,172.0617556
-43.48553843,172.061725
-43.48551842,172.0617813
-43.48554373,172.0617009
-43.48551899,172.061725
-43.38099532,172.0401626
-43.38094531,172.0401764
-42.89659359,172.7203657
-42.71370143,172.8583002
-42.71375421,172.8584669
-42.71380699,172.8586807
-42.71389587,172.8590335
-42.7141153,172.8597641
-42.71398753,172.859078
-42.71377366,172.8583141
-42.56811857,172.8470801
-42.56812647,172.8471016
-42.67401352,172.8556299
-42.67408296,172.8555688
-42.6741043,172.8555608
-42.67407785,172.8555742
-42.67391352,172.8557216
-42.66402753,172.8737407
-42.64089453,172.9102093
-42.64089059,172.9101879
-42.64091398,172.9102538
-42.63854433,172.9926505
-42.63801101,172.9924838
-42.63767214,172.9923754
-42.63763324,172.9923449
-42.63690549,172.9921171
-42.63201672,172.9886698
-42.63275836,172.990042
-42.63277467,172.9900578
-42.63538608,172.9916282
-42.63534164,172.9916143
-42.63734714,172.9922393
-42.63728881,172.9922532
-42.63790269,172.9924977
-42.63793586,172.992503
-42.63794351,172.992516
-42.63855267,172.9926977
-42.63909707,173.0006476
-42.63907763,173.0006782
-42.63839708,173.0043698
-42.63841374,173.0052254
-42.63847207,173.0063837
-42.64079975,173.0201476
-42.64087475,173.020467
-42.64096919,173.0209115
-42.64104418,173.0226031
-42.64485241,173.0299281
-42.64497184,173.0311781
-42.64497857,173.031162
-42.7319133,173.2753054
-42.73192874,173.2752984
-42.73194675,173.2752879
-42.73133276,173.2755943
-42.73134799,173.2755873
-42.73262994,173.2748915
-42.73266659,173.2748813
-43.04040496,172.8004133
-43.04050776,172.7935468
-43.04054386,172.7934995
-43.36216306,172.05018
-43.36219231,172.0502577
-43.36201536,172.0500814
-43.36201536,172.0500814
-43.51991705,171.6592367
-43.51947819,171.6579256
-43.51925876,171.6574367
-43.51927264,171.6574811
-43.51961152,171.65672
-43.5195393,171.6562923
-43.51957821,171.6562976
-43.51953736,171.6562359
-43.51941709,171.6568867
-43.97579222,171.3012759
-43.6574249,172.5664165
-43.76668657,172.7965426
-43.76668789,172.7965391
-43.76668956,172.7965346
-43.76668956,172.7965346
-43.76239516,172.8058952
-43.76238329,172.8059095
-43.76238344,172.8058845
-43.76238105,172.8058526
-43.7623795,172.8058895
-43.76176077,172.8109036
-43.75085373,172.7971218
-43.7508541,172.7971214
-43.75083145,172.7970924
-42.69058841,172.8003474
-42.69169117,172.8003613
-42.63912759,173.010917
-42.65457157,173.02187
-42.65457945,173.0219049
-42.65458932,173.0219344
-43.39117895,172.6833365
-43.41337269,172.6481482
-43.41372009,172.6479311
-43.41385176,172.6481293
-43.41392578,172.6482554
-43.41422632,172.6478396
-43.41455121,172.6461445
-44.04596831,171.2693417
-44.04610682,171.2690688
-44.04627,171.2686678
-43.99555273,171.2957346
-43.79389231,171.3498975
-43.66167476,171.2965632
-43.66195253,171.2965632
-43.97631481,171.2995529
-43.97590452,171.3007886
-43.97583117,171.3010836
-43.97574238,171.3014001
-43.97565744,171.3017113
-43.97535633,171.3025803
-44.04584656,171.2695958
-44.04576944,171.2697915
-44.10824663,171.2415118
-44.108237,171.2414849
-44.10824278,171.2414957
-44.10707182,171.2414393
-44.10704872,171.2414702
-44.10701596,171.2414916
-44.10720086,171.2414165
-44.10724516,171.2413522
-44.10728368,171.2412154
-44.10728945,171.2412047
-44.77414354,171.1716749
-44.77411854,171.1716583
-44.77413243,171.1717499
-43.54190748,171.9456581
-43.54167498,171.9461818
-43.54165749,171.9461792
-43.54164388,171.9462194
-43.54164388,171.9462435
-43.5415536,171.9469204
-43.54155137,171.9468958
-43.54139526,171.9476843
-43.54127915,171.9483259
-43.54112027,171.9489343
-43.54111499,171.9489557
-43.5411286,171.9489343
-43.54034806,171.952673
-43.51415228,171.8556914
-43.51412173,171.8559497
-43.51297174,171.8591997
-43.51296619,171.8591858
-43.5120273,171.8647245
-43.51149953,171.8670134
-43.51149676,171.8669967
-43.51145509,171.8669828
-43.49482213,171.907615
-43.49480268,171.9076526
-43.49482159,171.9075876
-43.47655065,171.8970565
-43.47655815,171.8970646
-43.48029214,171.904562
-43.48147818,171.9109869
-43.48178061,171.9120728
-43.48177593,171.9120503
-43.48198926,171.9133979
-43.48199315,171.9134167
-43.48285588,171.9173034
-43.48298642,171.9177756
-43.48341696,171.9190117
-43.4844588,171.9238264
-43.47997265,171.9177922
-43.41673848,172.0339217
-43.41676625,172.0338467
-43.41656627,172.0339217
-43.41362471,172.0354327
-43.41289973,172.0359216
-43.41240808,172.0363327
-43.38296469,172.0394598
-43.38297303,172.0394459
-43.38011201,172.0404375
-43.37633376,172.0418681
-42.81556702,172.8160385
-42.79941945,172.8289718
-42.76544994,172.7823012
-42.76550509,172.7821939
-42.77272115,172.8501739
-42.77277039,172.8502034
-42.76509913,172.8564259
-42.77280189,172.8501927
-42.77277825,172.8503376
-42.77450296,172.851507
-42.77198083,172.8570645
-42.78232656,172.8542376
-42.78220059,172.8541518
-42.76796217,172.8541113
-42.76794246,172.8541327
-42.79007605,172.9335015
-42.79010754,172.9335069
-42.76425042,172.8561631
-42.76447884,172.856324
-42.76467575,172.8563455
-42.76473877,172.8558091
-42.76480965,172.8561738
-42.76484903,172.8560022
-42.76538857,172.8563455
-42.76516016,172.8565064
-42.76518379,172.8563348
-42.76471513,172.8568497
-42.76480177,172.8565815
-42.7648458,172.856447
-42.76612966,172.8556424
-42.76713784,172.8548699
-42.76748439,172.8541591
-42.76775612,172.8538909
-42.76811175,172.8540143
-42.76820703,172.853097
-42.76797074,172.8531453
-42.76847876,172.8535369
-42.77259873,172.8502806
-43.61818939,172.5708894
-43.62192299,172.5734646
-43.61820298,172.5707928
-43.02791244,172.7105159
-42.94356468,172.7072751
-44.11463422,171.2448997
-44.11498466,171.2447275
-44.11493845,171.2448509
-44.11491534,171.2448268
-44.11481712,171.2448241
-44.11479595,171.2448536
-44.11490956,171.2445854
-44.11466114,171.2450574
-44.11466018,171.2451138
-44.11448302,171.2450306
-44.11470448,171.2443923
-44.11482098,171.244151
-44.11496349,171.2443012
-43.92655956,171.7384596
-43.91893183,171.7272613
-43.91891577,171.7272441
-43.91888159,171.7272184
-43.9188159,171.7272887
-43.91878305,171.7272216
-43.91876181,171.7272001
-43.91870577,171.7271726
-43.91869195,171.7272053
-43.91991294,171.7178929
-43.91999987,171.7173351
-43.91388544,171.7227334
-43.91387385,171.7226958
-43.91388544,171.7226449
-43.91392602,171.7227361
-43.91726152,171.7252576
-44.4587013,171.241974
-44.45782545,171.243553
-43.9138742,171.7226872
-43.91395341,171.7225102
-43.91421554,171.7221673
-43.91365713,171.7229934
-44.4651287,171.2398904
-44.37252081,171.2470253
-44.4906798,171.1413484
-44.49088724,171.1411816
-44.62010184,171.0963471
-44.6259361,171.1079528
-44.62595709,171.1080198
-44.63059702,171.1186872
-44.0037725,171.7185144
-44.00470822,171.7183709
-44.04282387,171.7502407
-44.04276808,171.7504443
-44.0428105,171.7503987
-44.04282593,171.7502539
-44.04459537,171.75272
-44.04033053,171.7621075
-44.0402864,171.7620769
-44.02485321,171.217156
-44.0248365,171.2172051
-44.02483644,171.217205
-44.02480694,171.217166
-44.02478767,171.2172738
-44.0058913,171.166937
-44.06791286,171.2427059
-44.06792056,171.2425124
-44.06883719,171.1405067
-44.06882006,171.1403276
-44.04325464,171.1098805
-44.04329243,171.1098003
-44.04305638,171.1100231
-44.04261488,171.1069294
-44.04261198,171.1069776
-44.12836218,171.047283
-44.12841898,171.0472281
-44.12761918,171.0475789
-44.12762496,171.0476379
-44.12747864,171.047756
-44.12744014,171.0478606
-44.12740546,171.0477828
-44.21304172,171.2669187
-44.21330874,171.267688
-44.15923955,171.2687978
-44.15923955,171.2687978
-44.15959168,171.269007
-44.02213722,171.2744942
-44.02036087,171.2756744
-44.02024806,171.2757402
-44.01867121,171.2731898
-44.01803084,171.2720097
-44.13071106,171.3073275
-44.09195666,171.2442398
-44.09147697,171.2437543
-44.18676234,171.3442011
-44.18642383,171.3449199
-44.18625928,171.3452484
-44.18243825,171.3570956
-44.18616564,171.3463382
-44.09443764,171.2466182
-44.37216634,171.2488041
-44.37292202,171.2477852
-44.37249909,171.2469997
-44.37258578,171.2472041
-43.98630063,171.2424509
-43.98644537,171.242365
-43.98635209,171.242418
-43.98625228,171.2423699
-43.98380336,171.2427556
-43.98386375,171.242934
-44.03825753,171.2298544
-44.00536929,171.1650803
-44.37282188,171.2475097
-44.37273854,171.2474319
-43.91977802,171.7480009
-43.92156612,171.7503459
-43.92171961,171.7498786
-43.92166128,171.7501064
-43.91478097,171.7432704
-43.84852494,171.7319173
-43.84852494,171.7319173
-43.85099708,171.7329562
-43.85036932,171.7327868
-43.84548618,171.7296896
-43.84548896,171.7296896
-43.84551673,171.7296757
-44.12029527,171.4810077
-44.12028138,171.4809466
-44.12027305,171.4809632
-44.06195304,171.3954699
-44.06072809,171.3940033
-44.05878927,171.3916699
-44.02630993,171.3398204
-44.0303459,171.342887
-44.03033479,171.3429037
-43.45382419,172.437478
-43.45395474,172.4376613
-43.46663266,172.3286412
-43.46629933,172.3315384
-43.46618198,172.3316725
-43.46609657,172.3346869
-43.4660771,172.33488
-43.44009511,172.5562679
-43.44000687,172.5567257
-43.44049296,172.5565869
-43.44080457,172.5566083
-43.44045683,172.5595007
-43.44030404,172.561134
-43.42995944,172.6182468
-43.42935392,172.6169357
-43.42929111,172.6167029
-43.4291611,172.6169883
-43.42910656,172.6166986
-43.42940765,172.6169299
-43.42928446,172.6190246
-43.42944029,172.6190246
-43.42032072,172.6444602
-43.42045683,172.6441102
-43.43679524,172.633566
-43.45376032,172.436503
-43.42868191,172.5904445
-43.42873978,172.5906913
-43.42864024,172.5908889
-43.42792353,172.5969305
-43.42779886,172.5971205
-43.42812279,172.5970775
-43.42387218,172.616022
-43.41590343,172.6460421
-43.41475146,172.6453601
-43.40743495,172.657796
-43.40970434,172.6555849
-43.41292649,172.6501684
-43.41292649,172.6501823
-43.41344672,172.6504628
-43.42907059,172.6172552
-43.42836226,172.6189496
-43.66609736,171.5659077
-43.66623123,171.5657803
-43.66642331,171.5658997
-44.07234729,171.3642649
-44.07120288,171.3661732
-44.06785853,171.3674232
-44.06786409,171.3674232
-44.06786409,171.3674232
-44.06785298,171.3674232
-44.0262266,171.3400648
-44.0262266,171.3400648
-43.99529996,171.2957235
-43.99377779,171.2956485
-43.975947,171.2920804
-43.97598879,171.2923537
-43.97573948,171.2927622
-43.97568669,171.2928538
-43.97545336,171.2946538
-43.97545337,171.2946843
-43.97544503,171.2946705
-43.97531726,171.2950371
-43.97599777,171.3005759
-43.97564778,171.3015065
-44.02625715,171.3400509
-44.02641745,171.3402226
-43.90390151,171.7744463
-43.89678437,171.7578054
-43.8860231,171.7535383
-43.90385126,171.774398
-43.89698178,171.7571946
-43.89685066,171.7574155
-43.90579659,171.7399096
-43.89845498,171.7390287
-43.89877889,171.7396364
-43.89586787,171.7634357
-43.89766607,171.768262
-43.8872415,171.7515345
-43.90593376,171.7481246
-43.90757243,171.7683481
-43.86938739,171.7485961
-43.9788515,171.6816884
-43.93044705,171.6803769
-43.82447181,171.4217689
-43.90679246,171.7673881
-43.900327,171.7360558
-43.91801127,171.725126
-43.8965441,171.7574944
-43.8946799,171.7560756
-43.86306092,171.7727137
-43.79926591,171.8074456
-43.89461289,171.7605621
-43.9014766,171.7743469
-43.90015056,171.7643672
-43.89075004,171.7542582
-43.88756067,171.7512294
-43.88546223,171.7538392
-43.88872171,171.7536513
-43.86276347,171.7721602
-43.89709179,171.7635141
-44.12901286,171.6167477
-43.88215308,171.7534397
-43.88239134,171.7538431
-43.91354401,171.8288429
-43.91433529,171.7478095
-43.91908723,171.724597
-43.91450039,171.72157
-43.92532607,171.7182372
-43.76101898,172.0059767
-44.09574605,171.6247406
-43.89301799,171.7479223
-43.88749817,171.7512131
-43.89942884,171.7635463
-44.06510009,171.2284096
-44.06509991,171.2283252
-44.06506289,171.2284256
-44.06508441,171.2283625
-44.05947327,171.1813436
-44.05656409,171.1831393
-44.05773132,171.1829645
-44.05689592,171.1831623
-44.05692001,171.1831248
-44.06415246,171.358941
-44.06418619,171.3590148
-44.06426382,171.3590658
-44.06411099,171.3585961
-44.06386149,171.3580694
-44.06202154,171.3541311
-44.06405434,171.3594982
-44.06404302,171.3596686
-44.06403437,171.3597266
-44.0641085,171.3596567
-44.06414898,171.3596754
-44.09783759,170.8206341
-44.09801199,170.820823
-44.09733101,170.822145
-44.09723102,170.822272
-44.06387649,171.3593745
-44.06386509,171.3595745
-44.06386929,171.3596152
-44.06389242,171.3594999
-44.0896351,170.8155405
-44.08962216,170.8156867
-44.089664,170.8156247
-44.08970111,170.8156849
-44.0966157,170.8231475
-44.09669276,170.8231206
-44.09667543,170.8232923
-44.10029772,170.8195887
-44.09347442,170.8211476
-44.08787989,170.8137523
-44.0878086,170.813645
-44.08815722,170.8140601
-44.08427892,170.8094823
-44.08430375,170.8093683
-44.08419222,170.8094249
-44.08420184,170.809382
-44.09340078,170.8212285
-43.9100436,171.7826636
-43.90997993,171.7826866
-43.9100436,171.7826636
-43.91051571,171.7826023
-43.90996631,171.7827258
-43.91000678,171.7827129
-44.60602115,170.2011815
-44.6059715,170.2012405
-44.60533369,170.201337
-44.60568124,170.2012995
-44.60622739,170.2016589
-44.60637252,170.2018091
-44.60650237,170.2019735
-44.60626558,170.2018019
-44.60651766,170.2016731
-44.60646036,170.2019092
-44.60577291,170.2013888
-44.60623885,170.2019038
-44.60597533,170.2018877
-44.60562843,170.2015553
-44.60561551,170.2014559
-44.60567106,170.2014809
-44.60569589,170.2014809
-44.60499886,170.2013937
-44.60493393,170.2014366
-44.60488219,170.2014087
-44.60484019,170.2014194
-44.60480441,170.2014809
-44.60481586,170.2015238
-44.60480441,170.2014809
-44.60455442,170.201617
-44.6046098,170.201617
-44.60454609,170.2017003
-44.60453462,170.2017245
-44.60464886,170.2016559
-44.60464886,170.2016559
-44.60464886,170.2016559
-44.60499053,170.2015587
-44.60516274,170.201592
-44.60519885,170.2015837
-44.60586828,170.2017392
-44.60618807,170.2020509
-44.60623771,170.202067
-44.60574883,170.2015892
-44.60569728,170.2016053
-44.60732935,170.2040059
-44.60734324,170.2040364
-44.60734133,170.2040579
-44.93699376,171.0980807
-44.93717369,171.098075
-44.93734134,171.0973093
-44.93672594,171.098216
-44.93565051,171.0985038
-44.93645605,171.0982246
-44.93583042,171.098498
-44.81126416,171.1267477
-44.18374463,171.5179384
-44.00603334,171.3183879
-44.45760924,169.9435674
-43.74281735,170.128978
-44.28639841,171.1782067
-41.295615268432,173.26625634359
-41.273850160796,173.27597667561
-41.280650531735,173.26955675214
-41.280659209124,173.26939816449
-41.121293604864,173.54307538919
-41.248291567184,173.32549076196
-41.248147411984,173.32536891475
-41.356063107436,173.18208752378
-39.480156400409,176.91703626682
-36.754883333333,174.58802833333
-43.570279725154,172.6432168971
-43.570318212682,172.64303171666
-43.5975351,172.6062798
-43.5932175,172.6035085
-43.5920424,172.6037436
-43.5869612,172.5956907
-43.5909556,172.6033216
-41.374927519988,173.12463377999
-35.73541495388,174.3510164284
-41.270206258387,173.30969724911
-41.2483584,174.7910656
-41.27002602596,173.30966320668
-41.277468741448,173.32961342409
-41.339084953454,173.18715470628
-41.339085165485,173.18713402847
-41.339068303235,173.18706653365
-41.336694608005,173.18158617003
-41.336982777335,173.18171190558
-41.345816240933,173.20031096564
-41.348340476693,173.20220518619
-41.379801780774,173.11276946558
-41.27022476698,173.28740756944
-41.341995317857,173.18553112832
-41.340858253007,173.18423519906
-41.342304962073,173.18570806961
-41.289885033185,173.26757008544
-41.291130947291,173.26992950881
-41.269465649138,173.28661604703
-41.349185873687,173.18843214746
-41.277322853462,173.29966797125
-41.243749838668,173.32568470306
-41.272774912289,173.29199502812
-41.348042392822,173.2036182176
-41.348167044933,173.20213645713
-41.277082593985,173.29954951101
-41.277205055009,173.29961734701
-41.277241693142,173.29946909408
-41.277588134748,173.29942668164
-41.34822932046,173.18755824935
-44.830996666667,171.10993305556
-39.53761295,176.9163224
-39.54284922,176.9110488
-39.54461158,176.9163184
-39.54583128,176.9072828
-39.54538808,176.911051
-39.54450606,176.9170764
-39.54090453,176.9062216
-39.54399942,176.9060236
-39.53918233,176.9102989
-39.54164881,176.9065329
-39.53770928,176.9171545
-39.53937306,176.9080371
-39.53979781,176.9034289
-39.5417115,176.9142385
-39.53813731,176.9133092
-39.53898736,176.912555
-39.54186453,176.9046716
-39.54283997,176.9102957
-39.53912189,176.9080379
-39.54476625,176.9163218
-39.543927,176.9125534
-39.53824303,176.9140605
-39.53887083,176.9065719
-39.539401,176.9163205
-39.54150822,176.9095439
-39.54245517,176.9148156
-39.54512778,176.9140021
-39.54354042,176.9170732
-39.54166606,176.9143095
-39.53835978,176.9163209
-39.53934592,176.9052458
-39.54060645,176.9065313
-39.5438502,176.9095419
-39.5450722,176.9072806
-39.54436283,176.9095422
-39.54349639,176.9178266
-39.54120561,176.9080386
-39.53747931,176.917118
-39.54014083,176.9044024
-39.53732525,176.9170729
-39.54148497,176.9163201
-39.54375731,176.9178258
-39.54530428,176.9125506
-39.54189014,176.9140602
-39.54151375,176.9133092
-39.54021906,176.9133047
-39.54207964,176.9087914
-39.54110795,176.9050259
-39.54077678,176.9062465
-39.54172806,176.9144147
-39.53911958,176.9170734
-39.54184192,176.9177771
-39.54370547,176.914061
-39.54361272,176.9102964
-39.54023431,176.9062996
-39.53939847,176.9032074
-39.53725478,176.9170667
-39.53891236,176.9133085
-39.54189353,176.9050237
-39.54210797,176.9147009
-39.54361031,176.913307
-39.54061311,176.903884
-39.53962914,176.9040745
-39.54322878,176.9148094
-39.54026417,176.9036844
-39.54067581,176.9080371
-39.54308933,176.913307
-39.53780925,176.9170732
-39.54301933,176.9170735
-39.53983522,176.906532
-39.54345708,176.9118014
-39.54375242,176.9155683
-39.54176695,176.9095439
-39.54472628,176.9155692
-39.53910575,176.9050557
-39.54126858,176.9102944
-39.53972795,176.9087899
-39.54422578,176.9140622
-39.54426764,176.9178256
-39.53906236,176.9155679
-39.54345489,176.9140609
-39.54006753,176.9042722
-39.53776,176.9155673
-39.54537847,176.9080354
-39.54205906,176.9102946
-39.53946195,176.9110498
-39.54406328,176.9080356
-39.53985125,176.9072827
-39.54067483,176.9170738
-39.537776,176.9148184
-39.54588278,176.9088269
-39.54348875,176.9148119
-39.54066114,176.9047577
-39.54373653,176.9188158
-39.53687075,176.9176198
-39.54024267,176.9110495
-39.54218861,176.9155679
-39.54045136,176.9046134
-39.54074517,176.9102962
-39.54433175,176.9080349
-39.54386325,176.9133077
-39.53986867,176.9042778
-39.54500658,176.9148604
-39.54184358,176.9125548
-39.537797,176.9097726
-39.54126372,176.9042915
-39.54561883,176.9102931
-39.54020439,176.9095423
-39.54319697,176.9118021
-39.53850575,176.9118037
-39.54133183,176.9125564
-39.53956003,176.9050265
-39.5393917,176.9039235
-39.53936222,176.9052202
-39.53845803,176.9125558
-39.53758147,176.9125812
-39.54201672,176.9163179
-39.54459264,176.9080359
-39.54490125,176.913308
-39.54469292,176.917004
-39.54192506,176.9148157
-39.54465017,176.9170694
-39.53966858,176.9033575
-39.54136836,176.9050252
-39.54414192,176.911049
-39.54218714,176.9148159
-39.54171764,176.9080388
-39.53989286,176.9170746
-39.5424017,176.9140606
-39.54598245,176.9075065
-39.54209614,176.9178174
-39.53980572,176.9050264
-39.54446192,176.9063243
-39.54106197,176.9041893
-39.53885131,176.9170733
-39.5391752,176.9057341
-39.54210692,176.9048265
-39.53866878,176.9034543
-39.54380092,176.905894
-39.53871025,176.9070086
-39.5451857,176.9110464
-39.53983464,176.91557
-39.539588,176.9053607
-39.54219775,176.9072834
-39.539234,176.9051388
-39.54359028,176.9095425
-39.54014553,176.9036193
-39.53860253,176.9176698
-39.5393222,176.9155683
-39.54276175,176.908036
-39.54054245,176.9125557
-39.54406683,176.9170724
-39.539869,176.9042256
-39.5385042,176.9140603
-39.54237633,176.9050214
-39.54040522,176.9062929
-39.54124686,176.9095432
-39.5387647,176.9118032
-39.54162906,176.9050246
-39.53926697,176.9031343
-39.53979795,176.9140616
-39.54357236,176.9163203
-39.54059111,176.9118025
-39.54087761,176.9181301
-39.54494081,176.9140622
-39.53966311,176.9163194
-39.54543936,176.9102948
-39.5439035,176.9087862
-39.54167095,176.9143023
-39.54103961,176.9087895
-39.54475183,176.9065225
-39.54210311,176.9125552
-39.54282856,176.9133072
-39.54110111,176.9042722
-39.54272733,176.9072812
-39.53806978,176.9170734
-39.5403637,176.9155675
-39.54454308,176.9072799
-39.53970333,176.9133086
-39.54387467,176.9102959
-39.53954583,176.9140619
-39.54293692,176.9118021
-39.53582353,176.9176195
-39.54022667,176.9102972
-39.54076795,176.9087898
-39.5417855,176.9133086
-39.53732681,176.9170927
-39.53959031,176.9072848
-39.53920445,176.9087919
-39.53970545,176.9054278
-39.54522547,176.9133537
-39.53743142,176.9142373
-39.54029658,176.9045083
-39.54032439,176.9042749
-39.54380181,176.9170726
-39.54347175,176.9065314
-39.54087664,176.9065315
-39.54426839,176.9155677
-39.53958372,176.9155694
-39.5385332,176.9155674
-39.54373692,176.9188078
-39.54016395,176.9080366
-39.53842017,176.9110507
-39.5433525,176.9102958
-39.542068,176.9110485
-39.54073878,176.9039571
-39.53966617,176.9057789
-39.54362531,176.9187616
-39.54376928,176.9072812
-39.54096358,176.9057738
-39.5388092,176.9148159
-39.5456627,176.9103318
-39.53837972,176.9095444
-39.53996786,176.9035367
-39.54091917,176.9049348
-39.54087733,176.9155669
-39.54156353,176.9087873
-39.54100808,176.9102954
-39.54025683,176.9087897
-39.54096295,176.9163196
-39.54168475,176.9072861
-39.54062592,176.9155678
-39.54228692,176.9095432
-39.53973325,176.9178439
-39.53793511,176.9125568
-39.53909325,176.9072846
-39.54560028,176.9107661
-39.54293281,176.9140616
-39.53768056,176.9133158
-39.54255961,176.9133072
-39.53950008,176.9125547
-39.538801,176.9028742
-39.54304658,176.9057746
-39.54101903,176.906199
-39.545201,176.9135351
-39.53747847,176.9140583
-39.5425657,176.9157983
-39.54337353,176.9087901
-39.54496083,176.9125532
-39.54166756,176.9143173
-39.54063233,176.9072825
-39.541988,176.9080375
-39.54537895,176.9122878
-39.54139864,176.9052468
-39.54050783,176.9062903
-39.54142481,176.9072843
-39.54516158,176.9137838
-39.54048536,176.9133086
-39.53825261,176.9082492
-39.54310211,176.9110491
-39.54145795,176.9080396
-39.54051164,176.9087879
-39.54465395,176.9065238
-39.53751942,176.913261
-39.53833008,176.9045413
-39.54279425,176.9057789
-39.53887911,176.9163216
-39.54354195,176.9080355
-39.54145667,176.9170743
-39.53868092,176.9110502
-39.53963233,176.9170741
-39.54154678,176.9110493
-39.53890989,176.9036109
-39.53858995,176.9047152
-39.54070175,176.9057755
-39.54489245,176.9095421
-39.54416428,176.9087879
-39.53793422,176.9103011
-39.5375447,176.9133079
-39.53724322,176.9170826
-39.53898761,176.9049788
-39.53787817,176.9133115
-39.54409017,176.916321
-39.54463245,176.9095426
-39.5412292,176.9057762
-39.54296503,176.917828
-39.54422764,176.9061707
-39.53875628,176.9140608
-39.54329028,176.9080349
-39.54266286,176.9140614
-39.54032631,176.9050267
-39.54491111,176.9155055
-39.54007308,176.9063093
-39.54307011,176.9095432
-39.53928589,176.9057891
-39.54252636,176.9163183
-39.54257025,176.9102953
-39.5447257,176.9167918
-39.537665,176.9118046
-39.54322725,176.9178266
-39.54296147,176.915567
-39.54293308,176.9162179
-39.5399235,176.9163185
-39.54051389,176.9110483
-39.53594692,176.9176056
-39.54116978,176.9042926
-39.54373517,176.9188116
-39.54297836,176.9072814
-39.53744908,176.9176257
-39.54044422,176.9163189
-39.53874278,176.91731
-39.54063275,176.9148128
-39.54258814,176.9110493
-39.54442328,176.9087889
-39.54534803,176.9124912
-39.53732383,176.9156101
-39.54048561,176.9102968
-39.53894306,176.9087939
-39.54375245,176.9188183
-39.5405482,176.9175827
-39.54263247,176.9125559
-39.54452947,176.9178244
-39.53902978,176.9036887
-39.54418783,176.9125536
-39.54540275,176.9095404
-39.53872811,176.9072986
-39.53944225,176.9102982
-39.54397611,176.9118003
-39.53972247,176.9110493
-39.53928525,176.9140618
-39.54494153,176.9153024
-39.54218,176.9065326
-39.54093639,176.917073
-39.54533233,176.90728
-39.53798256,176.9140607
-39.53845422,176.9026818
-39.5437712,176.9187549
-39.53735958,176.9155732
-39.53989456,176.9080367
-39.53923947,176.9125546
-39.5399062,176.9063018
-39.54449772,176.9117979
-39.54445639,176.9125544
-39.54119611,176.9170731
-39.54174642,176.9163178
-39.54003031,176.9125553
-39.54158408,176.9125549
-39.54411089,176.9095418
-39.54253372,176.9057814
-39.5454225,176.9118103
-39.53925206,176.9173866
-39.54018811,176.9057766
-39.53805186,176.9043576
-39.5375317,176.9130512
-39.54245789,176.9072841
-39.54370728,176.9118001
-39.53984911,176.9062798
-39.54388903,176.9177828
-39.54231092,176.9102953
-39.54449831,176.9065271
-39.54113736,176.9155668
-39.5396337,176.9080366
-39.54449028,176.9140611
-39.54491703,176.9102951
-39.54113672,176.9065323
-39.54041489,176.9170733
-39.54107131,176.9125548
-39.54562531,176.9080342
-39.54009517,176.9065312
-39.54597536,176.9073347
-39.53879292,176.9155676
-39.53996078,176.9055666
-39.542978,176.9148111
-39.53946095,176.9052823
-39.53765681,176.9115442
-39.53840231,176.9133067
-39.53976981,176.9125546
-39.53742825,176.9163287
-39.53993706,176.9035051
-39.53776586,176.9102517
-39.54498214,176.9150409
-39.53954895,176.9032911
-39.54435053,176.9163211
-39.54057939,176.9050255
-39.53969542,176.9102967
-39.53943436,176.9050495
-39.54204697,176.9133093
-39.53827633,176.9148146
-39.53933647,176.9072844
-39.54128472,176.911048
-39.53767422,176.9112742
-39.54414339,176.9102954
-39.54063683,176.9062791
-39.5416335,176.9118006
-39.54028772,176.9175427
-39.5395487,176.9118026
-39.54159033,176.9177423
-39.54035586,176.9065314
-39.53801417,176.9176378
-39.54079989,176.9048531
-39.54005911,176.9140594
-39.53914231,176.9163211
-39.53959117,176.914813
-39.53819945,176.9044553
-39.54071689,176.9095411
-39.53992897,176.9036506
-39.54465197,176.9133072
-39.54493664,176.9087884
-39.54038272,176.9072826
-39.54426836,176.9065324
-39.54146067,176.9182491
-39.53814525,176.9102951
-39.538993,176.9173479
-39.54232786,176.9110483
-39.54130283,176.9087886
-39.54058836,176.9140616
-39.53973497,176.9042854
-39.5381195,176.9095446
-39.54354139,176.9057696
-39.54197753,176.9170735
-39.54476445,176.9165463
-39.53832081,176.9080777
-39.53866222,176.9133066
-39.53854786,176.9148147
-39.53808897,176.9087952
-39.53944158,176.9133093
-39.54331108,176.9163214
-39.53859128,176.9080379
-39.54363133,176.9169443
-39.54244867,176.9178284
-39.54493606,176.9110485
-39.53847581,176.9172691
-39.54158364,176.9053655
-39.54095722,176.9040984
-39.54430867,176.9170711
-39.53727208,176.9162764
-39.53984708,176.9038799
-39.54598795,176.9077499
-39.5440162,176.9178265
-39.53840903,176.9102933
-39.54038181,176.9037512
-39.54480297,176.9072804
-39.54451786,176.9155658
-39.53784039,176.9163221
-39.54034575,176.9056553
-39.54171258,176.9142378
-39.535749,176.918097
-39.5357497,176.9178006
-39.53570797,176.917749
-39.5357023,176.9177197
-39.5357113,176.9176048
-39.5473906,176.9198175
-39.5474617,176.9197555
-39.5474903,176.9196958
-39.5475131,176.9196918
-39.547527,176.919679
-39.4543652,176.8733433
-39.4518978,176.8731269
-39.4499271,176.8729644
-39.4465492,176.8730298
-39.4452514,176.8730952
-39.4413492,176.8735175
-39.4411165,176.8735273
-39.4387546,176.8738706
-39.4387546,176.8738706
-39.4326854,176.8750809
-39.4326854,176.8750809
-39.4236511,176.8767093
-39.4204133,176.8776015
-39.4204133,176.8776015
-39.4190316,176.8778447
-39.4166755,176.8783854
-39.4135676,176.8794347
-39.4112563,176.8801759
-39.4102333,176.8804575
-39.4081872,176.8814462
-39.4068399,176.8819718
-39.4068399,176.8819718
-39.4045286,176.8829576
-39.4020862,176.8838635
-39.4004746,176.8845999
-39.3992785,176.8850421
-39.3992785,176.8850421
-39.3974066,176.8835508
-39.3975679,176.8832165
-39.3974856,176.8830404
-39.396673,176.8836659
-39.3966828,176.8854233
-39.3963154,176.8861601
-39.3940314,176.8873651
-39.3919294,176.8882375
-39.3887142,176.8896642
-39.3887142,176.8896642
-39.3841066,176.89159
-39.3791857,176.894238
-39.3720132,176.897978
-39.3707567,176.8986815
-39.3686508,176.8998391
-39.3686508,176.8998391
-39.3686508,176.8998391
-39.367512,176.9005622
-39.367512,176.9005622
-39.363863,176.9027817
-39.3594628,176.9056651
-39.3558252,176.9081423
-39.3545687,176.909145
-39.3528956,176.9102276
-39.3505164,176.9120624
-39.3498308,176.912676
-39.347614,176.9124017
-39.3432295,176.9173533
-39.3415669,176.9187221
-39.3408016,176.9195058
-39.3398559,176.9204629
-39.3398559,176.9204629
-39.3385213,176.9216686
-39.3385213,176.9216686
-39.3386251,176.9372906
-39.3316151,176.9438499
-39.3273471,176.9464722
-39.3261649,176.9472739
-39.3238397,176.9491377
-39.3230401,176.9497508
-39.3061084,176.9747572
-39.303466,176.9749043
-39.303466,176.9749043
-39.3011267,176.9770463
-39.2947291,176.9895001
-39.2916416,176.9923225
-39.2785158,176.9979983
-39.2787244,177.0006621
-39.3299772,176.9449287
-39.3299772,176.9449287
-39.3372987,176.9344234
-39.3370978,176.9264088
-39.3445679,176.9163468
-39.3482846,176.9143984
-39.3618848,176.9043039
-39.3653958,176.9021308
-39.3653958,176.9021308
-39.3671742,176.9011818
-39.3671742,176.9011818
-39.3694321,176.8997897
-39.3803269,176.8938982
-39.3803269,176.8938982
-39.3835695,176.8922805
-39.3917409,176.8886488
-39.4549463,176.8725386
-39.4607777,176.8712824
-39.4630093,176.8707194
-39.54070031,176.9056645
-39.54048145,176.9056618
-39.54487095,176.9155614
-39.54496861,176.9148159
-39.53809492,176.9163223
-39.53891895,176.9102986
-39.53728267,176.9160803
-39.53807731,176.9087465
-39.5416675,176.9155668
-39.54044928,176.9057772
-39.54085031,176.9118024
-39.54582,176.9092591
-39.53888608,176.907286
-39.53823264,176.9118045
-39.54226822,176.9163173
-39.53978003,176.9174667
-39.54107217,176.9050374
-39.54250103,176.9080382
-39.53801258,176.9148178
-39.54337081,176.91105
-39.54380267,176.9080359
-39.54259414,176.9087886
-39.53905975,176.9148169
-39.53846064,176.9046281
-39.53774308,176.9110506
-39.54244064,176.9065315
-39.5454445,176.9118514
-39.54327961,176.9170744
-39.54166492,176.9143119
-39.53816333,176.9085056
-39.54578817,176.9094712
-39.54241536,176.9118009
-39.54467192,176.9064561
-39.53861886,176.9163215
-39.53968289,176.909545
-39.53918308,176.9057919
-39.53870078,176.9047892
-39.54596283,176.9080314
-39.53821733,176.9172294
-39.53999697,176.9087891
-39.54453064,176.9148136
-39.53863264,176.9072996
-39.54162847,176.9045228
-39.54279781,176.9163182
-39.54322081,176.9065316
-39.53638486,176.9176134
-39.54259528,176.915309
-39.53880181,176.9067434
-39.54070317,176.9163193
-39.53780711,176.9118091
-39.53945106,176.9057794
-39.5421507,176.914061
-39.54599378,176.907969
-39.54502025,176.9118005
-39.54375678,176.9148133
-39.54280942,176.9095429
-39.53764206,176.911762
-39.53865872,176.9027948
-39.53982956,176.9054983
-39.54563953,176.9105171
-39.54163045,176.9140594
-39.54230775,176.9133085
-39.54003872,176.9175046
-39.5386402,176.9095424
-39.53996545,176.9102963
-39.5423725,176.9125558
-39.54475039,176.9117993
-39.54329353,176.9166011
-39.53771203,176.9140605
-39.53905931,176.9065324
-39.54000533,176.904314
-39.54172833,176.9142466
-39.53754914,176.9127895
-39.54595833,176.9073028
-39.53916097,176.9095431
-39.53998378,176.906312
-39.53789778,176.9095451
-39.54303028,176.9080361
-39.54230456,176.9049525
-39.53862625,176.9072489
-39.54515756,176.9095411
-39.54426964,176.9148144
-39.53957422,176.9065321
-39.54513833,176.9133079
-39.53802142,176.9155673
-39.54110231,176.9140622
-39.54319353,176.9140616
-39.53872658,176.9125558
-39.53756817,176.91482
-39.5391542,176.9177456
-39.54219017,176.9178286
-39.54403039,176.907281
-39.54269992,176.9065312
-39.54508542,176.9140572
-39.54059658,176.9042753
-39.54382531,176.918292
-39.54428211,176.9072805
-39.5408925,176.9072836
-39.54586256,176.908796
-39.5412252,176.9163205
-39.54519572,176.9087888
-39.54374203,176.9065331
-39.54552639,176.911044
-39.5372955,176.9163237
-39.54191847,176.9065327
-39.54331531,176.9057744
-39.53754647,176.9140636
-39.54286183,176.9087894
-39.54032042,176.91406
-39.5400442,176.9035091
-39.54582422,176.9080386
-39.54041517,176.9080375
-39.54139783,176.9065321
-39.53926003,176.9038379
-39.5402935,176.9179664
-44.04023934,171.7621737
-44.51768841,171.1991993
-44.05510771,171.7475873
-44.08938732,171.6882748
-44.08974699,171.688049
-44.08972001,171.6881027
-44.09495075,171.6779923
-44.09684825,171.679234
-44.09489877,171.6778495
-44.09491803,171.6779461
-44.09501343,171.6780896
-44.95806384,170.4805253
-44.95808813,170.480398
-44.95809559,170.4804645
-44.95781849,170.4807434
-44.957883,170.4807327
-44.95785264,170.4806361
-44.95789819,170.4806844
-43.48023631,172.0222744
-43.48067284,172.0235824
-43.48055218,172.023915
-43.48085188,172.0250147
-43.48068452,172.0245318
-43.48056191,172.0240491
-43.48003576,172.021162
-43.4806703,172.0246389
-44.35725142,171.2291216
-44.35726868,171.2292343
-44.35721673,171.2292305
-44.35720714,171.229268
-44.35720887,171.2291369
-44.35719869,171.2289299
-44.35728278,171.2265799
-44.3572847,171.226545
-44.35739792,171.2219427
-44.35738258,171.2216315
-44.35737873,171.2166534
-44.35748689,171.2152704
-44.35746196,171.2156486
-44.35748498,171.215713
-44.35732792,171.2184859
-44.60691726,170.2025841
-44.60693254,170.2027772
-44.26463142,171.2683379
-44.26465318,171.2685115
-44.26419801,171.268826
-44.2462009,171.2655183
-44.24691009,171.2672493
-44.24684544,171.2670644
-44.26438739,171.2737663
-44.25367285,171.2556537
-44.25371608,171.2556309
-44.2536277,171.2558079
-44.24096934,171.251536
-44.24098279,171.2515789
-44.25327229,171.2572026
-44.25327229,171.2573099
-44.24213585,171.2516345
-44.242361,171.2517662
-44.24268766,171.2517402
-44.24249166,171.2518958
-44.25328286,171.2565415
-44.24234177,171.2517072
-44.24226047,171.2516313
-44.24219513,171.2516957
-44.2527555,171.2563577
-44.2527555,171.2564328
-44.25284964,171.2562826
-44.21903882,171.2458465
-44.25290055,171.2565978
-44.25289286,171.2563242
-44.18984803,171.2278504
-44.18990381,171.2279201
-44.18988842,171.2279711
-44.18992496,171.2277538
-44.24997913,171.2256898
-44.15035375,171.213863
-44.10709826,171.2414115
-44.72509084,170.4918348
-44.10895792,171.2421996
-44.10827388,171.2414939
-44.11461557,171.2451043
-44.11475037,171.2450506
-44.11480813,171.2450935
-44.82523674,170.4963901
-44.83245,170.4862077
-44.82778158,170.4932191
-44.83245904,170.486961
-44.82526438,170.4951858
-44.8213599,170.5033066
-44.82101555,170.5038206
-44.83218857,170.4879095
-44.83220008,170.4880163
-44.83241123,170.4882014
-44.83112533,170.487496
-44.82667461,170.4931422
-44.82755348,170.4918413
-44.82755349,170.4919647
-44.82522443,170.495293
-44.82524629,170.4951396
-44.82487534,170.4959791
-44.82480114,170.4960998
-44.82266331,170.5000912
-44.82268235,170.4999839
-44.822728,170.4999249
-44.8226481,170.5003112
-44.82254346,170.5001046
-44.82261956,170.5001583
-44.82211351,170.5002924
-44.82091471,170.503995
-44.82448473,170.4972533
-44.82061371,170.503522
-44.82406887,170.4976865
-44.82387293,170.4980781
-44.82362998,170.4981305
-44.82330729,170.4976009
-44.82565022,170.4943103
-44.82572249,170.494187
-44.8256388,170.4942299
-44.26408105,171.268906
-44.26401959,171.2690133
-44.26479175,171.2682569
-44.26510675,171.2679995
-44.26542176,171.2678063
-44.26447674,171.2685466
-44.11807399,171.2459411
-44.1182608,171.2460663
-44.82224096,170.5002146
-44.45268744,171.1009572
-44.60546531,170.2014243
-44.6050893,170.2016001
-44.58611917,171.1556689
-44.60691911,170.2031306
-44.76960606,171.1287143
-44.60509121,170.2018334
-44.24088464,171.2515723
-44.24228567,171.2517278
-44.2422972,171.2516956
-44.2422703,171.2516956
-44.24220112,171.2516419
-44.74512557,171.042874
-44.78879636,170.9420949
-44.78872021,170.9421378
-44.78106183,171.1568547
-44.49758071,171.2049263
-44.39773798,171.220474
-44.21904267,171.2458117
-44.18988073,171.2277753
-44.18986149,171.2277753
-44.18987688,171.2278048
-44.18982303,171.2278423
-44.18991918,171.2278504
-44.18995958,171.2278718
-44.18982112,171.2277887
-44.164671,171.2169648
-44.16469409,171.2168897
-44.60535379,170.2014592
-44.11830026,171.2090967
-44.64835349,171.1519457
-44.64833441,171.151876
-44.64785354,171.1519618
-44.64829244,171.1518706
-44.64829625,171.1519511
-44.10707706,171.2414839
-44.10715963,171.2414368
-44.10709607,171.2414476
-44.40248442,171.024407
-44.40248442,171.024407
-44.64085366,171.1530347
-44.64489949,171.1525626
-44.64482316,171.1524339
-44.10895319,171.2421361
-44.10825215,171.2414986
-44.10823097,171.2414987
-44.46094861,171.1367502
-44.46085865,171.1369997
-44.07412068,171.2693291
-44.07409755,171.2692674
-44.07403493,171.2691104
-44.07391005,171.2688711
-44.07401219,171.2688148
-44.11821262,171.2460269
-44.09101789,171.2435614
-44.09102944,171.2434998
-44.06601819,171.2518465
-44.09121825,171.243481
-44.09115467,171.2435158
-44.06591991,171.2519135
-44.09120475,171.2435373
-44.065785,171.2519672
-44.0911472,171.2431288
-44.06571285,171.2519999
-44.06577258,171.2520107
-44.09130557,171.2432804
-44.09133283,171.2433749
-44.06313992,171.2534381
-44.09173402,171.2436117
-44.06079958,171.2547143
-44.06058756,171.2548055
-44.4617556,171.134735
-44.45284519,171.100947
-44.07413086,171.2691704
-44.07420891,171.269439
-44.07417518,171.2693206
-44.07414418,171.2695375
-44.07342783,171.2674319
-44.11456316,171.2202176
-44.11451116,171.2204724
-44.11450539,171.2203678
-44.12211817,171.1955589
-44.12217979,171.1954946
-44.80875163,171.1106517
-44.80884678,171.110582
-44.80894193,171.1106356
-44.80876686,171.1105927
-44.80872309,171.1106169
-44.15725099,170.9837672
-44.15725067,170.983866
-44.15784944,170.9828928
-44.16092819,170.9879997
-44.06613756,171.2518958
-44.06617611,171.251751
-44.16970606,170.9920685
-44.16974454,170.9920256
-44.17147798,170.9891959
-44.17150108,170.9891476
-44.17525626,170.9898558
-44.11830105,171.209069
-44.10684289,170.7900897
-44.72798352,170.4902584
-44.7279473,170.4902691
-44.08192768,170.979163
-44.15787908,170.9836462
-44.4298498,171.0928629
-44.43055466,171.0920905
-44.81752233,170.6365249
-44.81748617,170.6364766
-44.16792124,170.9927557
-44.16973939,170.9920393
-44.17190602,170.8557976
-44.17219073,170.8559317
-44.49759784,171.2048419
-44.1719789,170.8558211
-44.17223768,170.8493156
-44.17151606,170.9891105
-44.17413155,170.9891755
-44.17516558,170.9898299
-44.17837784,170.8598352
-44.17825089,170.8597923
-44.17822011,170.8597333
-44.20534834,170.8690231
-44.15321209,170.9770643
-44.21045679,170.8659502
-44.2103645,170.8657624
-44.70265192,170.4399221
-44.70265954,170.4400482
-44.70272246,170.440142
-44.18493274,170.8092709
-44.18493273,170.8097081
-44.18507122,170.8097939
-44.0981182,170.8341404
-44.60687316,170.2025408
-44.60695146,170.2026776
-44.6053175,170.2016067
-44.23657911,170.8720609
-44.23590903,170.8733567
-44.23600259,170.8731553
-44.23634574,170.8724784
-44.09598688,170.8125431
-44.09648191,170.8013519
-44.24344467,170.8882171
-44.52461852,170.9296448
-44.10631693,170.7898822
-44.26817966,170.8995146
-44.28070921,170.9099873
-44.28246774,170.911316
-44.27928151,171.0514585
-44.27876022,171.0532148
-44.27878711,171.0531021
-44.27807275,171.0555053
-44.27809963,171.0553873
-44.27806288,171.0555515
-44.17231381,170.8560948
-44.17199831,170.8558561
-44.17227534,170.856068
-44.1718521,170.855848
-44.17207767,170.8543469
-44.17159372,170.8556722
-44.17837151,170.8598004
-44.18735031,170.8638344
-44.20526594,170.8690397
-44.20528133,170.8689699
-44.20536208,170.8690021
-44.20864848,170.8620793
-44.20880229,170.8622831
-44.18507255,170.8098908
-44.18495261,170.8094363
-44.18495646,170.809742
-44.18493562,170.8095695
-44.227319,170.8728282
-44.22858084,170.8727383
-44.23628571,170.8725838
-44.23645481,170.8724497
-44.23653168,170.8722995
-44.23650841,170.8721847
-44.23833326,170.8831612
-44.23834864,170.8833114
-44.23826408,170.8832148
-44.24239548,170.8875653
-44.24248771,170.8875975
-44.24338697,170.8882627
-44.24371746,170.88837
-44.2681928,170.8995412
-44.28048379,170.9098984
-44.28043386,170.9099467
-44.28039161,170.9099092
-44.2803609,170.9098341
-44.28246548,170.9113468
-44.27924865,171.0514474
-44.27804289,171.055457
-44.27809667,171.0555429
-44.27008815,171.1546397
-44.7094238,170.4870042
-44.70913787,170.4872295
-44.68986635,170.5293406
-44.68983966,170.5293459
-44.65896307,170.5933627
-44.35212146,171.2657004
-44.35210133,171.2657902
-44.35216078,171.2657527
-44.35210324,171.2657661
-44.35210132,171.265758
-44.35210515,171.2657098
-44.35213009,171.2656669
-44.283559,171.2438778
-44.28356284,171.2439073
-43.90458065,171.2342888
-43.90404717,171.2339769
-43.90457775,171.2341721
-43.90424008,171.2338219
-43.90411639,171.2336422
-43.90456037,171.234199
-43.90461447,171.2342312
-43.90453575,171.2342538
-43.90439445,171.2343497
-43.90472548,171.2345106
-43.90451881,171.2347785
-43.90488974,171.2348271
-44.01772344,171.2773741
-44.01716058,171.2777237
-44.01719144,171.277729
-44.6731794,171.1323534
-44.67937433,171.0592586
-44.67935717,171.0592613
-44.66092233,170.5988048
-44.68673116,171.0760239
-44.68670799,171.0758077
-44.68673851,171.0758506
-44.68673087,171.0759203
-44.67934191,171.0592774
-44.67934178,171.059284
-44.30087893,170.9752711
-44.71301513,170.4966266
-44.71303032,170.4966556
-44.71298613,170.4985478
-44.71298656,170.4984693
-44.71294808,170.4989239
-44.71211407,170.5029775
-44.71240787,170.5023655
-44.71073816,170.5053624
-44.71160073,170.5038815
-44.71169987,170.5036884
-44.71150163,170.504139
-44.71088404,170.5051475
-44.71060092,170.5055448
-44.71171129,170.5038654
-44.6626703,170.6031749
-44.66097618,170.5988083
-44.66877724,170.5931553
-43.97610271,171.2997367
-43.97613359,171.2996724
-43.97610857,171.2997152
-43.97619909,171.2998756
-43.97625479,171.2997715
-43.97629726,171.3000237
-43.97642976,171.3000866
-43.97643748,171.2999472
-44.72772846,171.1551293
-44.72777501,171.1551958
-44.72769872,171.155169
-44.72771115,171.1552246
-44.72769018,171.1552434
-44.72769059,171.1552864
-44.29888965,170.9923709
-44.26403506,171.2686574
-44.263768,171.2675411
-44.26425973,171.2688285
-44.26478218,171.268335
-44.26508951,171.268099
-44.26394107,171.2690472
-44.26409076,171.2688073
-44.26402162,171.268818
-44.25088342,171.1442858
-44.26405509,171.2687768
-44.25130964,171.1437346
-44.25159398,171.1433993
-44.25160359,171.1433778
-44.41334684,171.0568978
-44.41338516,171.0568656
-44.41341581,171.0568656
-44.41340049,171.0569085
-44.51021391,170.6811273
-44.51025982,170.6812668
-44.66157378,170.5996915
-44.51031539,170.6812439
-44.51014873,170.6810772
-44.26378282,171.2672929
-44.51017397,170.6809127
-44.51020458,170.6810092
-44.51035213,170.6800226
-44.51030335,170.6801835
-44.51015033,170.6810472
-44.50998652,170.6812077
-44.51012042,170.6811916
-44.66070572,170.5984417
-44.66068283,170.5983344
-44.66215184,170.6015315
-44.66210605,170.6013706
-44.66168253,170.5998364
-44.66057218,170.59827
-44.81756852,170.6364643
-44.81752954,170.6364724
-44.81753715,170.6364428
-44.77131365,170.5398702
-44.77118722,170.5400614
-44.77119484,170.5398897
-44.72808314,170.4904561
-44.72793464,170.4902871
-44.72787367,170.490212
-44.72793655,170.4902307
-44.69059732,170.5220623
-44.69060113,170.5219872
-44.65884327,170.5936214
-44.65961946,170.596893
-44.66059889,170.5981842
-44.66210168,170.6014047
-44.66211694,170.6015013
-44.66099898,170.5987735
-44.6608845,170.5986823
-44.66079514,170.5985728
-44.66109818,170.598921
-44.19251489,171.4995603
-44.1924935,171.4998606
-44.19248773,171.4997319
-44.19248935,171.4996771
-44.64683863,171.1520956
-44.64739192,171.1519963
-44.64657238,171.1520848
-44.651053,171.1514314
-44.65642086,171.1506012
-44.66247525,171.149637
-44.66253439,171.1495887
-44.57803484,171.1616405
-44.57800811,171.16156
-44.56828289,171.1673981
-44.56822174,171.1674946
-44.56842429,171.1673873
-44.56845484,171.1673283
-44.5684969,171.1672277
-44.5775096,171.1618382
-44.57739495,171.1619186
-44.57705489,171.1622137
-44.5770396,171.1622539
-44.64699396,171.1520801
-44.15421605,171.2240719
-44.15422375,171.2241577
-44.15713258,171.189163
-44.15712723,171.1891282
-44.14702567,171.1592729
-44.14714404,171.1611217
-44.50416163,171.186436
-44.50446561,171.1857099
-44.50479761,171.1849622
-44.50476686,171.1849247
-44.50476113,171.1849971
-44.50455551,171.184405
-44.50475538,171.1848836
-44.5046875,171.1851533
-44.50313035,171.1841234
-44.50328636,171.1831879
-44.50473436,171.1850552
-44.35083579,171.2679466
-44.35091252,171.2678554
-44.35159531,171.2668147
-44.35229689,171.2663838
-44.28233697,171.3501883
-44.28245987,171.3504673
-44.28196968,171.3505843
-44.28250993,171.3500301
-43.74241881,172.0566633
-43.73671156,172.0455523
-43.74267853,172.0571567
-43.73669404,172.045415
-43.74236258,172.0565831
-43.73857484,172.0491763
-43.73859136,172.0451613
-43.73564371,172.0496914
-43.73416231,172.0508343
-43.73496598,172.0422137
-43.73827502,172.0486091
-43.74233408,172.0564745
-43.73946732,172.0451309
-43.73654936,172.0486412
-43.7343962,172.0506823
-43.74211842,172.0561003
-43.73862583,172.0492459
-43.73363378,172.0510046
-43.73834871,172.0456164
-43.74046979,172.0431482
-43.73822467,172.0456593
-43.73646543,172.0450749
-43.74244717,172.0566996
-43.87069167,172.1580645
-43.74499104,172.0548936
-43.87968039,172.1722232
-43.73487014,172.0505575
-43.73404212,172.0509353
-43.73152261,172.0531094
-43.7078844,171.7887823
-43.70809721,171.7890596
-43.70191909,171.7807151
-43.70189779,171.7808026
-43.69728909,171.7748015
-43.69769246,171.7748015
-43.71002811,171.7596481
-43.71003199,171.7594442
-43.69122621,171.7660734
-43.69134069,171.7662021
-43.68430465,171.7566479
-43.67777546,171.7477423
-43.67761638,171.7474955
-43.67489278,171.7437941
-43.67492383,171.7440409
-43.72060488,171.6884261
-43.67946822,171.7385058
-43.67829994,171.7398017
-43.67932079,171.7387954
-43.65658991,171.6999111
-43.65668305,171.6998897
-43.65658216,171.6995571
-43.61044448,171.6509938
-43.6216295,171.6608
-43.62290323,171.6611648
-43.61793243,171.6673873
-43.61816543,171.6668938
-43.64031873,172.1957599
-44.25323608,171.3935847
-44.29118633,171.3372402
-44.2911268,171.3375567
-44.29099161,171.3377325
-44.28800144,171.3417276
-44.28655756,171.34353
-44.28560902,171.3448282
-44.28599689,171.3443239
-44.28595466,171.3445278
-44.28620042,171.3442059
-44.28768655,171.3421138
-44.28824369,171.3413648
-44.28891569,171.3405601
-44.2891077,171.3402383
-44.28864306,171.3407962
-44.28964145,171.3395731
-44.29070224,171.3381272
-44.29016336,171.3388161
-44.28900784,171.3404327
-44.28526905,171.346291
-44.28540452,171.3460764
-44.41765117,171.2635902
-44.41694286,171.2642013
-44.41724841,171.2638346
-44.4173734,171.2632263
-44.41749007,171.2632569
-44.41751506,171.2632708
-44.53359971,171.1923079
-44.53361285,171.1923601
-44.53365518,171.1925178
-44.53376204,171.1921235
-44.53375029,171.1921717
-44.53370787,171.192177
-44.53371612,171.1921413
-44.53366021,171.1922325
-44.53351871,171.1922402
-44.36571915,171.2072848
-44.36587082,171.2072405
-44.36593218,171.2073585
-44.36720872,171.2073247
-44.32609841,171.2887921
-44.32633013,171.2886741
-44.32557598,171.2889484
-44.3257852,171.2888457
-44.3263992,171.2885572
-44.32604469,171.2887921
-44.32375345,171.2896576
-44.32387626,171.2896254
-44.32334286,171.2898305
-44.32343497,171.2899378
-44.32300527,171.2899722
-44.32174634,171.2905922
-44.32163936,171.290635
-44.31304326,171.2943475
-44.31308164,171.2942306
-44.31289932,171.2942601
-44.31288589,171.2943314
-44.31137664,171.294903
-44.30925897,171.2957489
-44.56055767,171.1704193
-44.25660918,171.2752182
-44.06493156,171.2285175
-44.1147052,171.2243188
-44.72256335,171.1247593
-44.36490055,171.2424839
-44.56083031,171.1702064
-44.06498747,171.2285712
-44.30866176,171.2960987
-44.30878321,171.296039
-44.34334964,171.2480063
-44.34359517,171.2477489
-44.3435978,171.2479595
-44.35950157,171.2390884
-44.35945643,171.238993
-44.37240142,171.2459949
-44.37238224,171.2457482
-44.37248578,171.2457375
-44.35918436,171.2507289
-44.3591573,171.251009
-44.41970661,171.2410155
-44.41796906,171.241653
-44.41916296,171.241781
-44.41919513,171.2418017
-43.68556147,171.4456027
-43.57301204,171.5852188
-43.91193869,171.738174
-43.81235516,171.4296433
-44.37448818,171.2332972
-44.37430987,171.2331818
-44.37162806,171.2334393
-44.41748684,171.2635607
-44.41753282,171.2635929
-44.41739104,171.2637324
-44.41761902,171.2626622
-44.41762763,171.2626086
-44.41755756,171.2636249
-44.41756523,171.2636839
-44.2667211,171.1863203
-44.79874974,171.1321974
-44.26714931,171.3353794
-44.35167785,171.2678025
-44.32845113,171.2797588
-44.41317497,171.057555
-44.78115553,171.1580236
-44.26524398,171.2665364
-44.26506148,171.315395
-44.26597938,171.316622
-44.37130962,171.2502943
-44.37165633,171.2494058
-44.36755323,171.2519097
-44.37055968,171.2483083
-44.36955863,171.2475847
-44.35926478,171.2394791
-44.35943526,171.2388467
-44.35916912,171.2391055
-44.76858034,171.1596753
-44.76860011,171.1609381
-44.76949974,171.1609104
-43.55341718,172.0284451
-43.55340414,172.0283244
-43.5534555,172.0283968
-43.55342356,172.0284961
-43.54819454,172.0376932
-43.54480301,172.0351905
-43.54391971,172.0341071
-43.53928936,172.0280656
-43.48974531,171.9752394
-43.48970474,171.9751268
-43.48988931,171.9753204
-43.48936364,171.9741259
-43.48949096,171.9743507
-43.48681473,171.9672043
-43.48674243,171.9670696
-43.48682946,171.9673116
-43.48666016,171.9672285
-43.48675215,171.9673872
-43.48672496,171.9623774
-43.48678695,171.9623318
-43.48682529,171.9622947
-43.48704694,171.9622369
-43.48698606,171.9622691
-43.48707495,171.9621469
-43.48726939,171.9619497
-43.48744161,171.9617525
-43.48748328,171.9617052
-43.48762771,171.9614469
-43.4876255,171.9613981
-43.48806659,171.9611108
-43.48807439,171.9610566
-43.48806078,171.9609709
-43.48813968,171.9609102
-43.48830824,171.9607303
-43.48838324,171.9606692
-43.48854712,171.9604997
-43.48857991,171.9605453
-43.48809247,171.9609414
-43.48881379,171.9602109
-43.48913877,171.9599053
-43.48918322,171.959997
-43.48918433,171.9600265
-43.48922797,171.9599535
-43.48906378,171.9600886
-43.47889744,171.9713937
-43.47884744,171.9714409
-43.47881771,171.9713733
-43.47874467,171.9714243
-43.47872715,171.9713492
-43.47886226,171.9713685
-43.47841134,171.9728909
-43.47987062,172.0009229
-43.47984727,172.0009819
-43.4798442,172.0010553
-43.47929646,172.0035803
-43.47923966,172.0038067
-43.47817327,172.0091546
-43.46333948,172.0243255
-43.41673137,172.0339003
-43.41666904,172.0339217
-43.41664565,172.0339732
-43.41666071,172.0338467
-43.41661091,172.0338601
-43.41348048,172.0354601
-43.41357561,172.0354682
-43.41352331,172.0355143
-43.41267474,172.0360744
-43.4093582,172.0385465
-43.40932208,172.0384993
-43.39303105,172.0314658
-43.3922246,172.0337873
-43.39236137,172.0335555
-43.39219178,172.0340195
-43.39047009,172.0363923
-43.39025598,172.0365586
-43.38753034,172.0379018
-43.38794719,172.0377656
-43.38774773,172.0375666
-43.38747098,172.0376738
-43.38025645,172.0404375
-43.38042311,172.0404209
-43.3805389,172.0402428
-43.38061464,172.0404568
-43.36154543,172.0502192
-43.33733558,172.1021592
-43.33214112,172.1129129
-43.32121363,172.1351456
-43.32121108,172.135306
-43.31791093,172.1419343
-43.30584516,172.1650875
-43.28715457,172.195183
-43.28730054,172.1952161
-43.28734523,172.1953589
-43.28751705,172.1952462
-43.24958763,172.2088568
-43.24920447,172.209412
-43.24905568,172.209544
-43.24917505,172.2097693
-43.24930401,172.2095628
-43.23135746,172.2289533
-43.23126952,172.2291339
-43.23112692,172.2294422
-43.23108525,172.2295338
-43.23105548,172.2296051
-43.23100191,172.2296394
-43.22986578,172.2418919
-43.22732932,172.3135602
-43.22730433,172.3135158
-43.2273424,172.3472101
-43.22733602,172.3471323
-43.22731113,172.3469365
-43.22730135,172.3472819
-43.22762778,172.3498646
-43.24791358,172.4282176
-43.2479503,172.4281226
-43.24788263,172.4280471
-43.247939,172.4291978
-43.24760863,172.4303976
-43.24772381,172.4304356
-43.24767795,172.4305059
-43.24759623,172.4307519
-43.24741141,172.431067
-43.24744074,172.4311877
-43.28423546,172.5847998
-43.28413719,172.584617
-43.28415898,172.5842483
-43.58237618,172.1191889
-43.58249001,172.119205
-43.58244646,172.1190742
-43.5826086,172.1189379
-43.58254838,172.1190206
-43.58276257,172.1189006
-43.58288339,172.118803
-43.58305115,172.1185778
-43.58543955,172.1161015
-43.58562329,172.1159084
-43.58586493,172.1156989
-43.58582606,172.1155723
-43.58547052,172.1160445
-43.58540944,172.1161196
-43.58557263,172.1159962
-43.58522188,172.1162504
-43.58513554,172.1163071
-43.58377335,172.1177695
-43.58370113,172.1178611
-43.58321503,172.1183333
-43.58305948,172.1185028
-43.58293308,172.1186727
-43.58265356,172.1185273
-43.58297,172.1187478
-43.58368168,172.1191889
-43.58552049,172.1201361
-43.58685487,172.1207031
-43.58690651,172.1208055
-43.59213967,172.1235222
-43.59424672,172.1245069
-43.59662364,172.1259029
-43.5966006,172.1258417
-43.59664446,172.1257232
-43.60911949,172.1267402
-43.60903598,172.1268233
-43.60901074,172.1266946
-43.61115606,172.1352534
-43.61105258,172.1353312
-43.61114968,172.1353848
-43.61109171,172.1351805
-43.61110503,172.1350351
-43.6316602,172.1818546
-43.6317506,172.181882
-43.63565718,172.2025319
-43.63573677,172.2024702
-43.64690766,172.2354423
-43.6468766,172.23563
-43.64680842,172.2355174
-43.39336944,172.0240485
-43.39333436,172.0239734
-43.39096226,172.0203059
-43.38751688,172.0142733
-43.38747399,172.014327
-43.38734609,172.0144358
-43.35874557,171.9638661
-43.35874433,171.9638768
-43.35765901,171.9618733
-43.35309201,171.953961
-43.34906581,171.9469326
-43.34570808,171.9411316
-43.34451938,171.9389458
-43.34046134,171.9318888
-43.34039208,171.9319358
-43.34037842,171.9319143
-43.34020092,171.9321691
-43.34016092,171.9313953
-43.33556312,171.9242331
-43.33540007,171.9244611
-43.33520403,171.9244879
-43.33546569,171.9240025
-43.33553202,171.923914
-43.3353506,171.9235761
-43.33560615,171.9250191
-43.33528425,171.9253731
-43.33522768,171.9254294
-43.33522964,171.9254026
-43.33462842,171.9260898
-43.33409244,171.926118
-43.33403391,171.9259732
-43.33409951,171.9262182
-43.33428504,171.9262964
-43.33596727,171.9249464
-43.33452759,171.9291242
-43.33411678,171.9287257
-43.33405825,171.9286184
-43.33408584,171.9286617
-43.33403888,171.9285965
-43.33516321,171.9296325
-43.33520806,171.9235304
-43.33507508,171.9228261
-43.3352936,171.922301
-43.33547307,171.9220113
-43.33606223,171.9210022
-43.33594777,171.9249303
-43.33629112,171.9251288
-43.33631453,171.9250483
-43.33696585,171.9193653
-43.33589681,171.9159104
-43.33594656,171.9159412
-43.33595259,171.9158929
-43.33506754,171.9132208
-43.33311272,171.9101255
-43.33754212,171.9408334
-43.73428269,171.5904811
-43.73436855,171.5904076
-43.78401887,171.6405441
-43.78390269,171.6405629
-43.78387769,171.6404267
-43.81344029,171.6895595
-43.81349448,171.6894576
-43.84187248,171.7193758
-43.84205302,171.7191147
-43.84207246,171.7192675
-43.84263907,171.727584
-43.84260851,171.727509
-43.84251179,171.7275444
-43.84309738,171.7278729
-43.84628052,171.7302003
-43.84628644,171.7300899
-43.85629135,171.7309118
-43.73427152,171.5903213
-43.73422967,171.5908354
-43.73877744,171.5474674
-43.73882408,171.546922
-43.73887439,171.5471027
-43.91460597,171.7431648
-43.9147346,171.7432898
-44.01615328,171.6041295
-44.01623908,171.6041419
-44.04449121,171.6243767
-44.04458287,171.6244239
-44.04512174,171.6229128
-44.01648862,171.6036893
-44.01650065,171.6038347
-44.01650944,171.6037821
-43.97058835,171.5551939
-43.97047169,171.5552716
-43.97066056,171.5551633
-43.97233408,171.5439587
-43.97228412,171.543883
-43.97227447,171.5440423
-43.972232,171.5439646
-43.92486507,171.5109302
-43.92299259,171.5250749
-43.92310393,171.5249966
-43.92311227,171.5249661
-43.92312893,171.5252272
-43.92317893,171.5248133
-43.92320949,171.5245855
-43.9231956,171.5244938
-43.811172,171.4306827
-43.81122478,171.4306383
-43.81178691,171.430003
-43.81203655,171.4297832
-43.81223863,171.4296438
-43.81267406,171.429318
-43.81263862,171.429355
-43.81269065,171.429118
-43.81264116,171.4291743
-44.1579651,171.2660193
-44.15794201,171.2662392
-44.15794874,171.2661212
-44.15799396,171.2662473
-44.15852568,171.2670669
-44.15847987,171.2671206
-44.21318178,171.2677116
-44.2132129,171.2677637
-44.2132302,171.267585
-44.09254778,171.244507
-44.092062,171.243988
-44.41767779,171.2631086
-44.15851414,171.2670723
-44.41941495,171.2419849
-44.41940663,171.2419849
-44.18335792,171.2750547
-44.40979014,171.2228352
-44.40979847,171.222988
-44.40896609,171.2236777
-44.40885128,171.2239657
-44.41782616,171.2631791
-44.17233982,171.2752399
-44.21710326,171.268154
-44.13140412,171.3060856
-44.1310208,171.3067411
-44.13048469,171.3076717
-44.13016276,171.307674
-44.13009304,171.3075661
-44.1861026,171.2775667
-44.18596094,171.277475
-44.18596094,171.277475
-44.18605816,171.2775667
-44.18348517,171.2749429
-44.18345974,171.2751522
-44.18583977,171.2773623
-44.18614366,171.2776413
-44.25376361,171.2963879
-44.18266214,171.2742917
-44.24651028,171.2686671
-44.21246579,171.2631047
-44.21235456,171.26246
-44.80014664,171.1637579
-44.80100681,171.161203
-44.79564846,171.1638963
-44.79564846,171.1638963
-44.79566818,171.1651598
-44.79656781,171.1651321
-44.79654811,171.1638687
-44.79654811,171.1638687
-44.79654811,171.1638687
-44.79652838,171.1626052
-44.79654811,171.1638687
-44.79654811,171.1638687
-44.79654811,171.1638687
-44.80088809,171.1536216
-44.79373065,171.1563712
-44.79906898,171.1524138
-44.80086825,171.1523581
-44.79990903,171.1485953
-44.79898951,171.1473597
-44.79806997,171.1461241
-44.79806997,171.1461241
-44.79806997,171.1461241
-44.79806997,171.1461241
-44.80084841,171.1510945
-44.80526703,171.1459004
-44.80252828,171.1434571
-44.80250833,171.1421935
-44.79529132,171.1411542
-44.80602692,171.1370267
-44.81038464,171.1280397
-44.81036453,171.1267759
-44.81036453,171.1267759
-44.8103444,171.1255122
-44.8103444,171.1255122
-44.80848468,171.1217776
-44.80846449,171.1205138
-44.8084443,171.1192501
-44.80752446,171.1180148
-44.79218759,171.1728508
-44.79381177,171.1687033
-44.7938886,171.1664786
-44.79392795,171.1690054
-44.79564846,171.1638963
-44.79564846,171.1638963
-44.79564846,171.1638963
-44.79654811,171.1638687
-44.79654811,171.1638687
-44.79742801,171.1625775
-44.79832765,171.1625498
-44.80002808,171.1561766
-44.80002808,171.1561766
-44.79998845,171.1536495
-44.79998845,171.1536495
-44.80088809,171.1536216
-44.79812965,171.1499146
-44.80090791,171.1548852
-44.80092772,171.1561488
-44.80090791,171.1548852
-44.80178773,171.1535938
-44.80458281,171.1444899
-44.80433041,171.1443474
-44.80434747,171.1446647
-44.80344784,171.1446927
-44.80522717,171.1433731
-44.80520723,171.1421094
-44.80788614,171.1407616
-44.80874581,171.1382061
-44.80870579,171.1356786
-44.80592669,171.1307083
-44.80950512,171.1293317
-44.80960691,171.1292567
-44.80772596,171.1306519
-44.80940101,171.1295191
-44.81036453,171.1267759
-44.81036453,171.1267759
-44.81126416,171.1267477
-44.81036453,171.1267759
-44.81042484,171.1305673
-44.81119117,171.1305425
-44.81332151,171.1287426
-44.81308352,171.127955
-44.8110825,171.1153736
-44.80924272,171.112903
-44.80830253,171.110404
-44.81190102,171.11029
-44.80828221,171.1091403
-44.80554268,171.1066986
-44.80733624,171.106262
-44.80732158,171.1053778
-44.80552233,171.105435
-44.80730121,171.1041141
-44.80726044,171.1033076
-44.80464306,171.1067272
-44.80529756,171.0915348
-44.79564846,171.1638963
-44.80260793,171.1485115
-44.8121839,171.1279832
-44.80930349,171.1166942
-44.80930349,171.1166942
-44.81028393,171.1217209
-44.80930349,171.1166942
-44.79566818,171.1651598
-44.80350755,171.1484836
-44.81078187,171.1263487
-44.78839335,170.8430671
-44.78839335,170.8430671
-44.74746793,170.8205506
-44.74746793,170.8205506
-44.74384607,170.8194202
-44.74384607,170.8194202
-44.37513641,171.2413977
-44.37532582,171.2420196
-44.37559574,171.2420117
-44.37504266,171.2411494
-44.37504833,171.2415258
-44.374947,171.2407757
-44.37503129,171.2403967
-44.37529554,171.2400125
-44.37530122,171.2403888
-44.37835169,171.2456961
-44.37789237,171.245082
-44.37700206,171.2457356
-44.37745194,171.2457225
-44.37717634,171.245354
-44.37699262,171.2451084
-44.37513641,171.2413977
-44.37558628,171.2413845
-44.37699262,171.2451084
-44.37604184,171.2417476
-44.37512695,171.2407704
-44.37512695,171.2407704
-44.38633594,171.2379311
-44.39137917,171.2440597
-44.37745194,171.2457225
-44.37655218,171.2457488
-44.37655218,171.2457488
-44.3765333,171.2444943
-44.37743305,171.244468
-44.37559574,171.2420117
-44.37557683,171.2407573
-44.37467707,171.2407836
-44.37467707,171.2407836
-44.37557683,171.2407573
-44.37557683,171.2407573
-44.37557683,171.2407573
-44.37559574,171.2420117
-44.37559574,171.2420117
-44.37467707,171.2407836
-44.37557683,171.2407573
-44.37557683,171.2407573
-44.37465813,171.2395292
-44.37555789,171.2395028
-44.37555789,171.2395028
-44.37544398,171.2319761
-44.35926858,171.2397299
-44.35916912,171.2391055
-44.35908104,171.2392335
-44.35766746,171.2291125
-44.35903424,171.2302013
-44.36048527,171.2309113
-44.35985197,171.2247821
-36.880238888889,174.86599722222
-44.36018105,171.2286619
-44.35909201,171.2221697
-44.35855599,171.2224366
-44.35845645,171.2218122
-44.35916859,171.2212892
-44.36003195,171.2188797
-44.35768875,171.2186983
-44.35953026,171.2155069
-44.35732502,171.2184582
-44.35803716,171.2179352
-44.35763118,171.2149361
-44.35754697,171.215315
-44.35608046,171.2136022
-44.3580849,171.2151735
-44.35753351,171.2144372
-44.36391786,171.2436087
-44.35934339,171.238724
-44.35935287,171.239351
-44.35977431,171.2374566
-44.37121023,171.2496698
-44.37121023,171.2496698
-44.37029164,171.2484417
-44.37029164,171.2484417
-44.37029164,171.2484417
-44.35932443,171.2374699
-44.36571738,171.243556
-44.36569847,171.2423018
-44.36569847,171.2423018
-44.36569847,171.2423018
-44.36391786,171.2436087
-44.36477979,171.2410739
-44.36206161,171.2398989
-44.36208053,171.2411531
-44.36208053,171.2411531
-44.36206161,171.2398989
-44.36116185,171.2399253
-44.36116185,171.2399253
-44.36116185,171.2399253
-44.36116185,171.2399253
-44.36116185,171.2399253
-36.872197222222,174.87703055556
-44.36116185,171.2399253
-44.36026209,171.2399517
-44.35936234,171.2399781
-44.36024315,171.2386975
-44.35934339,171.238724
-44.36024315,171.2386975
-44.36024315,171.2386975
-44.36022419,171.2374434
-44.36112394,171.237417
-44.36024315,171.2386975
-44.36022419,171.2374434
-44.36022419,171.2374434
-44.35934339,171.238724
-44.35934339,171.238724
-44.35932443,171.2374699
-44.35846258,171.2400045
-44.35934339,171.238724
-44.35842468,171.2374963
-44.35934339,171.238724
-44.35934339,171.238724
-44.35844364,171.2387504
-44.35934339,171.238724
-44.35934339,171.238724
-44.35754388,171.2387768
-44.35128347,171.2414696
-44.35744894,171.2325064
-44.36014821,171.2324269
-44.36194771,171.2323739
-44.36160309,171.209799
-44.36194771,171.2323739
-44.36224796,171.2326127
-44.36427055,171.2067316
-44.35932443,171.2374699
-44.35932443,171.2374699
-44.35934339,171.238724
-44.35934339,171.238724
-44.35934339,171.238724
-44.36780102,171.2433294
-44.3571238,171.2288776
-44.35720424,171.2282479
-44.35785313,171.2294834
-44.35793167,171.2287283
-44.35736321,171.2268631
-44.35644628,171.2257611
-44.35680045,171.2253742
-44.35717563,171.2263668
-44.35616871,171.2252674
-44.35698804,171.2258705
-44.33830569,171.2167654
-44.33918624,171.215485
-44.33914779,171.2129776
-44.35739182,171.2287442
-44.35829157,171.2287177
-44.36196673,171.233628
-44.35733457,171.224982
-44.35643482,171.2250086
-44.35806184,171.2136686
-44.34002831,171.2116971
-44.34002831,171.2116971
-44.32260376,171.1909
-44.30887271,171.1762706
-44.30705355,171.1750723
-44.30705355,171.1750723
-44.30705355,171.1750723
-44.35831063,171.2299717
-44.35649207,171.2287708
-44.35457794,171.2212999
-44.35723888,171.2187117
-44.30887271,171.1762706
-44.30887271,171.1762706
-44.34525301,171.2002519
-44.33099077,171.1517701
-44.33189051,171.1517423
-44.34525301,171.2002519
-44.34506075,171.2466694
-44.34416099,171.2466957
-44.34504187,171.2454156
-44.34504187,171.2454156
-44.34504187,171.2454156
-44.34504187,171.2454156
-44.34506075,171.2466694
-44.34504187,171.2454156
-44.34504187,171.2454156
-44.34592275,171.2441355
-44.34504187,171.2454156
-44.34770337,171.242829
-44.34416099,171.2466957
-44.26524398,171.2665364
-44.22949346,171.1098232
-44.22949346,171.1098232
-44.22949346,171.1098232
-44.27020408,171.3603495
-44.27106858,171.3578204
-44.27106858,171.3578204
-44.27643198,171.3551682
-44.27819616,171.3526141
-44.27819616,171.3526141
-44.27819616,171.3526141
-44.27817843,171.3513617
-44.27817843,171.3513617
-44.27844482,171.3511038
-44.27906048,171.3500846
-44.27769304,171.3488692
-44.27769304,171.3488692
-44.27733135,171.3487539
-44.27870284,171.325036
-44.27906048,171.3500846
-44.28170655,171.346253
-44.27812517,171.3476044
-44.27722538,171.3476292
-44.27904273,171.3488321
-44.27900718,171.3463273
-44.27718981,171.3451244
-44.27245833,171.3289684
-44.27231409,171.3189501
-44.27231409,171.3189501
-44.27245833,171.3289684
-44.26506148,171.315395
-44.26506148,171.315395
-44.26058066,171.3167732
-44.26140789,171.3117398
-44.26115224,171.2942111
-44.29566782,171.2543783
-44.29656759,171.2543521
-44.29656759,171.2543521
-44.29936068,171.2605379
-44.30316487,171.2742158
-44.30584561,171.2728852
-44.30676396,171.2741123
-44.31300657,171.2701719
-44.31658703,171.268815
-44.31658703,171.268815
-44.3184238,171.2712696
-44.3184238,171.2712696
-44.26610642,171.2640062
-44.26610642,171.2640062
-44.26601281,171.2577455
-44.26601281,171.2577455
-44.26601281,171.2577455
-44.26396829,171.2415204
-44.26396829,171.2415204
-44.26396829,171.2415204
-44.26484913,171.240242
-44.2639304,171.2390162
-44.26481121,171.2377377
-44.28181184,171.2309736
-44.28181184,171.2309736
-44.28181184,171.2309736
-44.28181184,171.2309736
-44.28181184,171.2309736
-44.28181184,171.2309736
-44.28181184,171.2309736
-44.28091207,171.2310001
-44.28091207,171.2310001
-44.27997418,171.2285218
-44.27997418,171.2285218
-44.26098346,171.222819
-44.25665626,171.2342195
-44.29264713,171.2331608
-44.29174737,171.2331873
-44.28556285,171.2408879
-44.29101822,171.2444878
-44.29174737,171.2331873
-44.27227555,171.1961752
-44.26239753,171.1977246
-44.26239753,171.1977246
-44.26237811,171.1964726
-44.26145891,171.1952476
-44.27386055,171.1823459
-44.27474073,171.1810664
-44.27397777,171.1898597
-44.26934215,171.18123
-44.27196297,171.1761392
-44.27190397,171.1723825
-44.26652507,171.173799
-44.26292602,171.1739085
-44.26382579,171.1738811
-44.27172623,171.1611123
-44.25723085,171.1552937
-44.25721097,171.1540417
-44.25437213,171.1453617
-44.25435215,171.1441098
-44.25257262,171.1454173
-44.24973312,171.1367383
-44.25429209,171.1403542
-44.25163286,171.1429415
-44.25343239,171.1428858
-44.25341236,171.141634
-44.25249258,171.14041
-44.25339234,171.1403821
-44.25339234,171.1403821
-44.25247253,171.1391582
-44.25339234,171.1403821
-44.25339234,171.1403821
-44.25339234,171.1403821
-44.25339234,171.1403821
-44.19204404,171.0234181
-44.19204404,171.0234181
-44.19097329,171.0134438
-44.19000919,171.0097221
-44.19000919,171.0097221
-44.18994472,171.0059708
-44.1871809,171.0023092
-44.18992321,171.0047203
-44.19082295,171.0046904
-44.19077987,171.0021894
-44.1970565,171.0007291
-44.19084447,171.0059409
-44.19084447,171.0059409
-44.19084447,171.0059409
-44.19084447,171.0059409
-44.16995771,170.9440962
-44.16903579,170.9428771
-44.16903579,170.9428771
-44.16986885,170.9390962
-44.16986885,170.9390962
-44.16986885,170.9390962
-44.17070179,170.9353151
-44.17070179,170.9353151
-44.17070179,170.9353151
-44.17067949,170.9340651
-44.17067949,170.9340651
-44.27323614,171.3292353
-44.25537164,171.1515933
-44.25541174,171.1516603
-44.25449179,171.1528729
-44.27812517,171.3476044
-44.26734033,171.2865192
-44.26726646,171.2815105
-44.27613445,171.2724866
-44.27613445,171.2724866
-44.26528126,171.2690407
-44.26614376,171.2665105
-44.24991344,171.1455677
-44.25257273,171.1429806
-44.25257273,171.1429806
-44.25257273,171.1429806
-44.25255271,171.1417288
-44.19332333,171.0434639
-44.27261957,171.3402391
-44.26409505,171.2697683
-44.26411692,171.2667309
-44.22102368,171.2590496
-44.03086538,171.1297846
-44.04315844,171.110682
-44.04313806,171.1094346
-44.04313806,171.1094346
-44.04311767,171.1081872
-44.04221787,171.1082155
-44.04311767,171.1081872
-44.04219746,171.1069681
-44.04219746,171.1069681
-44.04311767,171.1081872
-44.04219746,171.1069681
-44.04219746,171.1069681
-44.04127725,171.105749
-44.15390915,171.2259827
-44.1309885,171.0866727
-44.13008873,171.0867014
-44.1309885,171.0866727
-44.13188826,171.0866441
-44.13188826,171.0866441
-44.13188826,171.0866441
-44.21125687,171.2680931
-44.1843375,171.2738722
-44.18345629,171.2751484
-44.16802938,171.2668365
-44.16622978,171.2668884
-44.16353039,171.2669662
-44.15721311,171.2658978
-44.15721311,171.2658978
-44.15719443,171.2646479
-44.14907751,171.2636319
-44.14817772,171.2636578
-44.14817772,171.2636578
-44.14641547,171.266209
-44.14641547,171.266209
-44.14641547,171.266209
-44.14641547,171.266209
-44.12825081,171.2554844
-44.12736978,171.2567597
-44.11829651,171.2520242
-44.11734015,171.2483033
-44.10562378,171.247395
-44.12557017,171.2568118
-44.09390738,171.2464871
-44.09208886,171.245291
-44.09208886,171.245291
-44.09298867,171.2452648
-44.09297922,171.2446405
-44.09252931,171.2446537
-44.09252931,171.2446537
-44.09252931,171.2446537
-44.09252931,171.2446537
-44.09252931,171.2446537
-44.09252931,171.2446537
-44.0926193,171.244651
-44.09252931,171.2446537
-44.09296976,171.2440163
-44.09296976,171.2440163
-44.09296976,171.2440163
-44.09296976,171.2440163
-44.09296976,171.2440163
-44.09296976,171.2440163
-44.09296976,171.2440163
-44.09296976,171.2440163
-44.09296976,171.2440163
-44.09206995,171.2440425
-44.09205103,171.2427941
-44.09206049,171.2434183
-44.09206049,171.2434183
-44.09115122,171.2428203
-44.09206049,171.2434183
-44.09206049,171.2434183
-44.09115122,171.2428203
-44.09115122,171.2428203
-44.08847071,171.2441475
-44.0875709,171.2441738
-44.0875709,171.2441738
-44.0875709,171.2441738
-44.0875709,171.2441738
-44.08847071,171.2441475
-44.0875709,171.2441738
-44.08942721,171.2478665
-44.08580908,171.2467229
-44.08400945,171.2467754
-44.08355955,171.2467884
-44.0844688,171.2473864
-44.0844688,171.2473864
-44.08400945,171.2467754
-44.08355955,171.2467884
-44.08400945,171.2467754
-44.08309075,171.2455533
-44.08219094,171.2455795
-44.08402834,171.2480236
-44.08402834,171.2480236
-44.08429828,171.2480158
-44.08411643,171.2478962
-44.08410133,171.2468976
-44.08438638,171.2478883
-44.0835822,171.2482864
-44.08312475,171.2478002
-44.08131946,171.2474781
-44.08129112,171.2456057
-44.08219094,171.2455795
-44.08129112,171.2456057
-44.08129112,171.2456057
-44.08219094,171.2455795
-44.09305675,171.2466135
-44.08312853,171.2480498
-44.08269749,171.2493112
-44.08178824,171.2487132
-44.08224758,171.2493243
-44.08224758,171.2493243
-44.08207327,171.249704
-44.08225701,171.2499484
-44.08207516,171.2498288
-44.08225701,171.2499484
-44.0813289,171.2481022
-44.0813289,171.2481022
-44.07907181,171.2476684
-44.07907181,171.2476684
-44.07859169,171.2456844
-44.07767296,171.2444624
-44.07143095,171.2483902
-44.07233076,171.248364
-44.06606977,171.2510431
-44.06785055,171.2497428
-44.0749546,171.243293
-44.0749546,171.243293
-44.07405479,171.2433193
-44.07313604,171.2420974
-44.0524024,171.2402062
-44.00533031,171.1655002
-44.00533031,171.1655002
-44.00533031,171.1655002
-44.00533031,171.1655002
-44.00533031,171.1655002
-44.12375421,171.2531835
-44.08941057,171.2441882
-44.08784958,171.2423356
-44.08788631,171.2422453
-44.08790293,171.2422104
-44.08744721,171.2423663
-44.08756069,171.2424344
-44.08750948,171.2423883
-44.09292594,171.2444931
-44.06606977,171.2510431
-44.19065466,171.2749419
-44.18885506,171.2749936
-44.18885506,171.2749936
-44.18889218,171.2774946
-44.19225999,171.5010903
-44.19306178,171.5004448
-44.19350363,171.4998083
-44.19332044,171.4995626
-44.19367554,171.4991785
-44.19386679,171.5000494
-44.19332367,171.4998128
-44.1937639,171.4990511
-44.1935791,171.4986804
-44.19366586,171.4984281
-44.19385228,171.4989238
-44.19348912,171.4986827
-44.19393096,171.4980461
-44.19419284,171.4974141
-44.19373647,171.496925
-44.19383776,171.4977982
-44.19437603,171.4976597
-44.19464275,171.4974028
-44.19446601,171.4976575
-44.19411093,171.4980416
-44.19393903,171.4986715
-44.1946363,171.4969026
-44.19437765,171.4977848
-44.19384905,171.4986737
-44.19358556,171.4991807
-44.19341526,171.4999356
-44.19427959,171.4971617
-44.19046994,171.508891
-44.19038476,171.5092684
-44.1902096,171.509648
-44.1902144,171.5100232
-44.18427657,171.5172999
-44.18374463,171.5179384
-44.18365624,171.5180657
-44.18383302,171.5178111
-44.18392141,171.5176839
-44.18217423,171.5218545
-44.18374463,171.5179384
-44.18365464,171.5179406
-44.18373826,171.5174382
-44.18401139,171.5176817
-44.18383302,171.5178111
-44.18243783,171.5213477
-44.18374463,171.5179384
-44.18374463,171.5179384
-44.18374463,171.5179384
-44.07070249,171.3712686
-44.0703373,171.3709039
-44.06988738,171.3709161
-44.06961743,171.3709234
-44.06891684,171.3723156
-44.06890808,171.3716916
-44.06870356,171.3699493
-44.06843537,171.3700814
-44.06842834,171.3695822
-44.05262899,171.4050822
-44.03681884,171.3369952
-44.03682063,171.3371199
-44.03664065,171.3371249
-44.03180158,171.3323922
-44.00360558,171.3185803
-44.00695129,171.3196095
-44.00623504,171.3198789
-44.19376068,171.498801
-44.19374454,171.4975504
-44.19374454,171.4975504
-44.19376068,171.498801
-44.19374454,171.4975504
-44.05381827,171.3999333
-44.05556624,171.3961423
-44.02508103,171.3408122
-44.02508103,171.3408122
-43.95047661,171.2867914
-43.95047661,171.2867914
-44.18498687,171.5165319
-44.18453696,171.516543
-44.18453696,171.516543
-44.18409501,171.5171793
-44.18243364,171.3921359
-44.18409501,171.5171793
-44.18365306,171.5178156
-44.18320314,171.5178266
-44.18320314,171.5178266
-44.18365306,171.5178156
-44.19376068,171.498801
-44.19466051,171.4987786
-44.19376068,171.498801
-44.19376068,171.498801
-44.19377681,171.5000517
-44.19377681,171.5000517
-44.19377681,171.5000517
-44.19377681,171.5000517
-44.19377681,171.5000517
-44.19377681,171.5000517
-44.05257439,171.4070919
-44.04658462,171.3648176
-44.037374,171.3500934
-44.03645639,171.3488707
-43.9774916,171.3008576
-43.97640113,171.300572
-43.97589343,171.3009977
-43.97501189,171.3022691
-43.97666835,171.3020558
-43.99853474,171.5784695
-43.99853474,171.5784695
-43.99853474,171.5784695
-44.07124309,171.636683
-44.04318512,171.6235896
-43.99946517,171.5809416
-43.99856528,171.5809627
-43.9976654,171.5809838
-43.9976654,171.5809838
-43.92314316,171.5241991
-43.92314316,171.5241991
-43.87032017,171.4769599
-43.82936078,171.4431738
-43.82936078,171.4431738
-43.81297748,171.4299208
-43.74575065,171.3857186
-44.07214296,171.6366627
-44.07214296,171.6366627
-44.07214296,171.6366627
-44.07124309,171.636683
-44.07034322,171.6367033
-44.06671441,171.6342885
-44.06671441,171.6342885
-44.06671441,171.6342885
-44.06671441,171.6342885
-44.05771568,171.6344919
-44.0459143,171.6260232
-44.04589953,171.6247756
-44.04499965,171.6247961
-44.04318512,171.6235896
-44.04318512,171.6235896
-44.04408499,171.6235691
-44.04409977,171.6248166
-44.04318512,171.6235896
-44.04319989,171.6248371
-44.01685033,171.6042323
-44.01858998,171.5992027
-43.9976654,171.5809838
-43.99676552,171.581005
-43.99943463,171.5784484
-44.00292683,171.5696369
-43.96856138,171.5567406
-43.81099088,171.4162983
-43.79496454,171.3645212
-43.81459044,171.4162041
-43.81550738,171.4174233
-43.81601831,171.4170038
-43.81472873,171.4162991
-43.81457338,171.4149614
-44.09630705,171.6248764
-44.09630705,171.6248764
-44.09629227,171.6236278
-44.09629227,171.6236278
-44.09629227,171.6236278
-44.09630705,171.6248764
-44.09630705,171.6248764
-44.09630705,171.6248764
-44.09630705,171.6248764
-44.09695171,171.6261107
-44.09630705,171.6248764
-44.09630705,171.6248764
-44.09540718,171.6248969
-44.0953924,171.6236483
-44.09537761,171.6223997
-44.09629227,171.6236278
-44.09627748,171.6223791
-44.06894814,171.6716897
-44.06984802,171.6716699
-44.06910421,171.6854185
-44.09252915,171.6874066
-44.09251506,171.686158
-44.09251506,171.686158
-44.09251506,171.686158
-44.09161518,171.6861776
-44.08357262,171.6913472
-44.08357262,171.6913472
-44.06713349,171.7516229
-44.04556298,171.7545637
-44.01651013,171.7314636
-44.0592207,171.7692603
-44.05920749,171.7680124
-44.0583076,171.7680307
-44.0088399,171.7715317
-44.0088135,171.7690381
-43.98709646,171.7582599
-43.98257025,171.7558596
-43.98257025,171.7558596
-43.96039564,171.6254735
-43.96041041,171.6267193
-43.96041041,171.6267193
-43.96041041,171.6267193
-43.95629885,171.6587349
-43.95806979,171.6562035
-43.95684158,171.7912766
-43.95684158,171.7912766
-43.95684158,171.7912766
-43.91109822,171.7224654
-43.91289805,171.7224274
-43.91109822,171.7224654
-43.91289805,171.7224274
-43.91202556,171.724936
-43.91202556,171.724936
-43.9130889,171.739855
-43.91216188,171.7373841
-43.91127552,171.7386476
-43.74317781,171.5298223
-43.71437553,171.3952424
-43.6616557,171.2974349
-43.6616557,171.2974349
-43.6616557,171.2974349
-43.74762987,171.525989
-43.75036135,171.5284062
-43.74764573,171.5272304
-43.74764573,171.5272304
-43.91233658,171.7363627
-43.91656977,171.7336058
-43.91304822,171.7361205
-43.72946226,171.5847751
-43.72946226,171.5847751
-43.85535783,171.7286161
-43.6172502,171.5378274
-43.61455036,171.5378924
-43.61164472,171.521856
-43.73226836,171.5933995
-43.73313799,171.5908965
-43.61366616,171.5391527
-43.61545031,171.5378707
-43.61273472,171.5366971
-43.61273472,171.5366971
-43.61183478,171.5367188
-43.7413583,171.6006382
-43.66344413,171.5602744
-43.65982886,171.5591202
-43.66126317,171.5597982
-43.65711352,171.5579448
-43.70209488,171.5556344
-43.66792833,171.5589279
-43.66699733,171.5564698
-43.66611293,171.5577309
-43.66702839,171.5589493
-43.66254419,171.5602957
-43.66254419,171.5602957
-43.92591132,171.7108198
-43.92591132,171.7108198
-43.88647547,171.7762517
-43.88664229,171.7750038
-43.88700753,171.7754943
-43.89107464,171.7685665
-43.89196397,171.7675527
-43.89214793,171.7679224
-43.89453663,171.7640152
-43.89453663,171.7640152
-43.89444398,171.7637681
-43.89444664,171.764017
-43.89542062,171.7625034
-43.89461335,171.7627689
-43.89416205,171.7626536
-43.89542194,171.7626279
-43.89515596,171.7630067
-43.89533195,171.7626297
-43.89524462,171.7628804
-43.8905777,171.7557568
-43.89075769,171.7557531
-43.89353609,171.7630398
-43.89397941,171.7624084
-43.89389075,171.7625347
-43.89606055,171.7550218
-43.89454004,171.7559244
-43.89353609,171.7630398
-43.89740709,171.7630852
-43.89614519,171.7545222
-43.89614519,171.7545222
-43.89621724,171.7612424
-43.89612593,171.7611198
-43.89621724,171.7612424
-43.89612992,171.7614931
-43.89568793,171.762249
-43.90002689,171.7555627
-43.89685118,171.7616029
-43.89685118,171.7616029
-43.89649654,171.762108
-43.8964992,171.7623569
-43.89641186,171.7626077
-43.89641186,171.7626077
-43.89659184,171.762604
-43.89667918,171.7623532
-43.89668317,171.7627266
-43.89659317,171.7627284
-43.89659317,171.7627284
-43.89740709,171.7630852
-43.8989582,171.7650453
-43.89740709,171.7630852
-43.90233323,171.7524031
-43.91053991,171.7538527
-43.91018529,171.754358
-43.91018529,171.754358
-43.89426472,171.7554322
-43.89435604,171.7555547
-43.89472136,171.7560451
-43.89499402,171.7562885
-43.89499267,171.756164
-43.89481136,171.7560433
-43.89453737,171.7556755
-43.89589394,171.75627
-43.89580127,171.756023
-43.89624589,171.7555159
-43.89580127,171.756023
-43.89589527,171.7563945
-43.89589126,171.7560211
-43.89580394,171.7562719
-43.89606991,171.755893
-43.8958926,171.7561456
-43.89708252,171.7579883
-43.89671988,171.7577468
-43.89671855,171.7576223
-43.89608193,171.757013
-43.89689454,171.7572453
-43.8961786,171.7576334
-43.89671721,171.7574979
-43.89643789,171.7566323
-43.89707852,171.7576149
-43.89662056,171.7568775
-43.89671988,171.7577468
-43.90608036,171.7409968
-43.90588955,171.7400048
-43.90588955,171.7400048
-43.90635304,171.7412401
-43.90590308,171.7412495
-43.90635304,171.7412401
-43.90153803,171.7537889
-43.90011288,171.7551875
-43.90011555,171.7554364
-43.90153803,171.7537889
-43.90020287,171.7551857
-43.90020153,171.7550612
-43.90082613,171.7545504
-43.90047017,171.7549312
-43.90065149,171.755052
-43.90063811,171.7538074
-43.90011288,171.7551875
-43.90063811,171.7538074
-43.89541929,171.762379
-43.89542062,171.7625034
-43.90575376,171.7607984
-43.92037283,171.7227678
-43.92537275,171.7109558
-43.92599991,171.7106933
-43.92627266,171.7109366
-43.92618267,171.7109385
-43.92627266,171.7109366
-43.92635433,171.7101876
-43.91962299,171.7119499
-43.91962576,171.7121989
-43.91039321,171.7402846
-43.8961786,171.7576334
-43.89707852,171.7576149
-43.8961786,171.7576334
-43.89707852,171.7576149
-43.89616525,171.7563889
-43.8961786,171.7576334
-43.8961786,171.7576334
-43.8961786,171.7576334
-43.8961786,171.7576334
-43.89616525,171.7563889
-43.89706517,171.7563704
-43.89707852,171.7576149
-43.9543698,171.8120323
-43.9480193,171.8071736
-43.92437577,171.7839778
-43.92346279,171.7827508
-43.90111337,171.7769556
-43.90189042,171.7738278
-43.90123675,171.7716003
-43.90166709,171.7743265
-43.90174391,171.7730801
-43.90146075,171.771841
-43.90119314,171.7674931
-43.9005181,171.7632744
-43.88978829,171.753163
-43.88839144,171.7488357
-43.88328605,171.7511812
-43.88978829,171.753163
-43.8819093,171.7487207
-43.89162214,171.7647007
-43.88015776,171.7532368
-43.88012961,171.7506241
-43.68236969,171.4916029
-43.68236969,171.4916029
-43.68236969,171.4916029
-43.62279489,171.4794521
-43.61458052,171.4709846
-43.61161286,171.5193789
-43.60288252,171.5406508
-43.73436152,171.7770828
-43.73343524,171.7746187
-43.73343524,171.7746187
-43.73160895,171.7721729
-43.73160895,171.7721729
-43.66808679,171.7250948
-43.66808679,171.7250948
-43.65979381,171.7079104
-43.65977989,171.7066708
-43.65793816,171.7029905
-43.65793816,171.7029905
-43.65977989,171.7066708
-43.65701026,171.7005306
-43.64546369,171.7144132
-43.65609631,171.6993104
-43.65521034,171.7005691
-43.65522432,171.7018086
-43.65522432,171.7018086
-43.65339643,171.6993682
-43.62235748,171.6616196
-43.62235748,171.6616196
-43.5820675,171.6043058
-43.5820675,171.6043058
-43.62235748,171.6616196
-43.56894949,171.5625129
-43.56894949,171.5625129
-43.56894949,171.5625129
-43.66164923,171.7128307
-43.56928678,171.5897425
-43.5584264,171.5850431
-43.5584264,171.5850431
-43.55211143,171.5839524
-43.54212011,171.57676
-43.74261399,172.0409917
-43.73949796,172.0451376
-43.73611076,172.0491632
-43.73423405,172.0508063
-43.73423405,172.0508063
-43.73423405,172.0508063
-43.73530179,172.0493
-44.8737237,170.8873122
-44.8737237,170.8873122
-44.87166258,170.8678913
-44.8671188,170.8655228
-44.86889494,170.8641932
-44.86889494,170.8641932
-44.86884891,170.8616632
-44.86972544,170.8603659
-44.86882587,170.8603983
-44.86603489,170.8554358
-44.86871049,170.8540734
-44.86864109,170.8502785
-44.86951749,170.8489809
-44.86859474,170.8477485
-44.86935497,170.840126
-44.86935497,170.840126
-44.86935497,170.840126
-44.86935497,170.840126
-44.86935497,170.840126
-44.87580791,170.8981252
-44.84981955,170.8547557
-44.85161869,170.8546908
-44.85161869,170.8546908
-44.88804143,170.9280811
-44.87083184,170.8717186
-44.87080891,170.8704536
-44.86972544,170.8603659
-44.86972544,170.8603659
-44.86871049,170.8540734
-44.86954065,170.8502459
-44.86861792,170.8490135
-44.86871049,170.8540734
-44.8677878,170.8528409
-44.85834198,170.6873852
-44.85834198,170.6873852
-44.85834198,170.6873852
-44.85744246,170.6874203
-44.85921656,170.6860854
-44.8574674,170.688685
-44.85836693,170.6886499
-44.85834198,170.6873852
-44.85834198,170.6873852
-44.95125528,170.5633221
-44.9503558,170.5633591
-44.95032949,170.5620925
-44.81502955,170.6372187
-44.82042674,170.6370037
-44.81413002,170.6372546
-44.81682861,170.6371471
-44.81413002,170.6372546
-44.81413002,170.6372546
-44.81413002,170.6372546
-44.82045224,170.6382676
-44.81682861,170.6371471
-44.81772815,170.6371112
-44.81413002,170.6372546
-44.81413002,170.6372546
-44.81502955,170.6372187
-44.81502955,170.6372187
-44.81143142,170.6373621
-44.81143142,170.6373621
-44.80963235,170.6374337
-44.81053189,170.6373979
-44.81053189,170.6373979
-44.80963235,170.6374337
-44.80963235,170.6374337
-44.80963235,170.6374337
-44.82627755,170.5709896
-44.82802408,170.5683879
-44.89098712,170.5227423
-44.89098712,170.5227423
-44.89098712,170.5227423
-44.89098712,170.5227423
-44.89096035,170.5214769
-44.7958271,170.5355699
-44.7958271,170.5355699
-44.79669996,170.5342692
-44.79669996,170.5342692
-44.80081423,170.4945299
-44.80081423,170.4945299
-44.68302019,170.3989099
-44.68302019,170.3989099
-44.68391968,170.3988704
-44.68391968,170.3988704
-44.71736351,170.3645707
-44.65751112,170.3457845
-44.65753985,170.3470447
-44.65751112,170.3457845
-44.65751112,170.3457845
-44.597044,170.3006003
-44.597044,170.3006003
-44.597044,170.3006003
-44.6080315,170.2698495
-44.6080315,170.2698495
-44.60693891,170.2012046
-44.6069662,170.2023377
-44.60723603,170.202325
-44.6072421,170.2025768
-44.60716428,170.2030847
-44.60689141,170.2029715
-44.60652557,170.2027366
-44.60669031,170.2020986
-44.6066034,170.2022288
-44.60515519,170.201919
-44.60760491,170.2026857
-44.60733507,170.2026985
-44.60770395,170.2030592
-44.60735325,170.2034539
-44.60844774,170.2040325
-44.6078151,170.2039363
-44.60761703,170.2031894
-44.60644472,170.2031186
-44.60644472,170.2031186
-44.60641441,170.2018596
-44.60731385,170.2018171
-44.60734417,170.2030762
-44.60734417,170.2030762
-44.60734417,170.2030762
-44.60734417,170.2030762
-44.60644472,170.2031186
-44.60734417,170.2030762
-44.60734417,170.2030762
-44.33682851,169.6172264
-44.45597619,169.9499383
-44.45673038,169.9461221
-44.45598262,169.9498355
-44.45677822,169.9460584
-44.45677619,169.9461251
-44.45680933,169.9473807
-44.45874047,169.9523111
-44.53361523,169.8826128
-44.53393577,169.8844845
-44.53419204,169.8839674
-44.49462129,169.9537389
-44.49429459,169.9550138
-44.49671958,169.9547635
-44.49139604,169.9578047
-44.49174589,169.9574093
-44.48778583,169.9678025
-44.48710252,169.9692213
-44.48674935,169.9694909
-44.48658921,169.9702539
-44.48685244,169.9699889
-44.48659578,169.9705052
-44.48503606,169.9728492
-44.48266221,169.9785052
-44.48123959,169.9792065
-44.48886942,169.9644762
-44.48963272,169.9626758
-44.48945615,169.9628107
-44.48923011,169.9610609
-44.48785046,169.9633961
-44.48871687,169.9620937
-44.4906203,169.9546957
-44.48971509,169.9658168
-44.48961624,169.9620476
-44.48976131,169.9629069
-44.48871687,169.9620937
-44.48798442,169.964562
-44.48788341,169.9646524
-44.48795785,169.9647597
-44.48793654,169.9644571
-44.17954825,170.3219607
-44.17704983,170.3229485
-44.17678866,170.3233355
-44.17640854,170.3224767
-44.17676836,170.3224606
-44.17882571,170.3218679
-44.17659136,170.3225937
-44.17614739,170.3228638
-44.22608917,170.0587656
-44.22627225,170.0588818
-44.22616954,170.058386
-44.22671878,170.0587346
-44.24149113,170.0836862
-44.24149113,170.0836862
-44.24149113,170.0836862
-44.24149113,170.0836862
-44.24149113,170.0836862
-44.24149113,170.0836862
-44.24149113,170.0836862
-44.24149113,170.0836862
-44.24149113,170.0836862
-44.2264649,170.0593733
-44.22434642,170.0469543
-44.24149113,170.0836862
-44.21576759,170.0743005
-44.21419094,170.0724997
-44.25708631,170.1093621
-44.25714177,170.1079811
-44.25700791,170.1062333
-44.25709886,170.1098627
-44.25667106,170.1107605
-44.25659678,170.1113906
-44.25691896,170.1098714
-44.25719819,170.1102338
-44.25728187,170.1099791
-44.25728814,170.1102294
-44.25765106,170.1103371
-44.25832988,170.1086753
-44.25931614,170.1085021
-44.28129754,170.1268653
-44.28129754,170.1268653
-44.27586964,170.1258735
-44.2574743,170.110471
-44.2574743,170.110471
-44.25651216,170.1080116
-44.25738024,170.1067165
-44.21507448,170.107516
-44.23094816,170.3960482
-44.23094816,170.3960482
-44.23094816,170.3960482
-44.21857611,170.4879858
-44.14085099,170.5162545
-44.14085099,170.5162545
-44.14085099,170.5162545
-44.14085099,170.5162545
-44.14085099,170.5162545
-44.09465829,170.5456553
-43.6921322,170.5024595
-43.6921322,170.5024595
-43.6921322,170.5024595
-43.6921322,170.5024595
-43.6921322,170.5024595
-43.6921322,170.5024595
-44.80056906,171.1334046
-44.79846748,171.1145082
-44.80159621,170.9778702
-44.77415554,171.1708757
-44.77415554,171.1708757
-44.77411623,171.1683497
-44.77505519,171.1708481
-44.77503553,171.1695851
-44.77503553,171.1695851
-44.76957865,171.165962
-44.77503553,171.1695851
-44.77587614,171.1657684
-44.77319691,171.1671143
-44.77409655,171.1670867
-44.77225786,171.1646161
-44.77497649,171.1657961
-44.77489759,171.160744
-44.77489759,171.160744
-44.77933646,171.156816
-44.77749756,171.1543455
-44.77749756,171.1543455
-44.78025589,171.1580514
-44.78027566,171.1593145
-44.78027566,171.1593145
-44.78115553,171.1580236
-44.78115553,171.1580236
-44.78115553,171.1580236
-44.78115553,171.1580236
-44.78115553,171.1580236
-44.78115553,171.1580236
-44.78115553,171.1580236
-44.78115553,171.1580236
-44.78115553,171.1580236
-44.78115553,171.1580236
-44.78113574,171.1567604
-44.78113574,171.1567604
-44.78115553,171.1580236
-44.78115553,171.1580236
-44.7829548,171.157968
-44.7829548,171.157968
-44.78745299,171.1578291
-44.78653356,171.1565937
-44.78827337,171.1527482
-44.79097229,171.1526646
-44.79990903,171.1485953
-44.79898951,171.1473597
-44.79806997,171.1461241
-44.79806997,171.1461241
-44.79806997,171.1461241
-44.82505883,171.1452849
-44.78111593,171.1554973
-44.78383466,171.1566771
-44.78381485,171.1554139
-44.78381485,171.1554139
-44.78379503,171.1541506
-44.78381485,171.1554139
-44.78379503,171.1541506
-44.78513464,171.1250407
-44.78513464,171.1250407
-44.79241216,171.1298679
-44.79059281,171.128661
-44.79059281,171.128661
-44.7933118,171.1298397
-44.7933118,171.1298397
-44.79333188,171.1311031
-44.76456362,171.1332678
-44.79333188,171.1311031
-44.79335195,171.1323665
-44.79517127,171.1335736
-44.79427164,171.1336017
-44.79427164,171.1336017
-44.79427164,171.1336017
-44.79605085,171.132282
-44.79605085,171.132282
-44.79783004,171.1309621
-44.79691032,171.1297268
-44.7969304,171.1309903
-44.7969304,171.1309903
-44.79695047,171.1322538
-44.79695047,171.1322538
-36.8736715,174.8669551
-44.79695047,171.1322538
-44.79695047,171.1322538
-44.79691032,171.1297268
-44.79783004,171.1309621
-44.79691032,171.1297268
-44.79691032,171.1297268
-44.79601069,171.129755
-44.79689022,171.1284633
-44.79689022,171.1284633
-44.79689022,171.1284633
-44.79968946,171.1346963
-44.80146868,171.1333765
-44.79966942,171.1334328
-44.79968946,171.1346963
-44.79966942,171.1334328
-44.79964936,171.1321692
-44.80226788,171.1270303
-44.7996293,171.1309057
-44.79868948,171.1284069
-44.79958911,171.1283786
-44.79958911,171.1283786
-44.80144862,171.1321129
-44.79954887,171.1258516
-44.80138837,171.1283222
-44.80408725,171.1282374
-44.80408725,171.1282374
-44.80308692,171.1219476
-44.80036785,171.1207691
-44.79954887,171.1258516
-44.79950857,171.1233245
-44.79942781,171.1182704
-44.79934683,171.1132163
-44.80566449,171.1142806
-44.80660461,171.1167795
-44.80746374,171.1142237
-44.80564422,171.1130169
-44.80382469,171.1118103
-44.80472432,171.1117818
-44.8047446,171.1130454
-44.80118661,171.1156864
-44.80118661,171.1156864
-44.80202544,171.1118672
-44.79842693,171.1119812
-44.79662768,171.1120382
-44.79928596,171.1094257
-44.79930627,171.1106892
-44.79834567,171.1069272
-44.80378409,171.109283
-44.80288446,171.1093115
-44.80288446,171.1093115
-44.80288446,171.1093115
-44.80198483,171.1093401
-44.80196452,171.1080765
-44.8038044,171.1105466
-44.8038044,171.1105466
-44.8074029,171.1104326
-44.80468372,171.1092545
-44.80464306,171.1067272
-44.80096308,171.1017872
-44.79730332,171.0981114
-44.79730332,171.0981114
-44.79730332,171.0981114
-44.79640369,171.0981401
-44.79636278,171.0956132
-44.79636278,171.0956132
-44.79562644,171.1057495
-44.79380683,171.1045432
-44.79378646,171.1032798
-44.79280519,171.0982549
-44.79370481,171.0982262
-44.79280519,171.0982549
-44.79370481,171.0982262
-44.79370481,171.0982262
-44.79278474,171.0969915
-44.79278474,171.0969915
-44.79278474,171.0969915
-44.79278474,171.0969915
-44.79188511,171.0970202
-44.79188511,171.0970202
-44.79188511,171.0970202
-44.79188511,171.0970202
-44.79188511,171.0970202
-44.79188511,171.0970202
-44.79186466,171.0957569
-44.79188511,171.0970202
-44.79186466,171.0957569
-44.79186466,171.0957569
-44.79186466,171.0957569
-44.79186466,171.0957569
-44.79186466,171.0957569
-44.79186466,171.0957569
-44.79186466,171.0957569
-44.79186466,171.0957569
-44.79186466,171.0957569
-44.79098548,171.097049
-44.79098548,171.097049
-44.78830704,171.0983984
-44.79098548,171.097049
-44.79098548,171.097049
-44.79188511,171.0970202
-44.79098548,171.097049
-44.79098548,171.097049
-44.79098548,171.097049
-44.79184418,171.0944935
-44.25206877,171.1141218
-44.79098548,171.097049
-44.78740742,171.0984271
-44.78740742,171.0984271
-44.78650779,171.0984558
-44.78650779,171.0984558
-44.7856286,171.0997477
-44.79184418,171.0944935
-44.79278474,171.0969915
-44.79368437,171.0969628
-44.79448156,171.090617
-44.79360245,171.0919092
-44.79448156,171.090617
-44.79184418,171.0944935
-44.79178268,171.0907035
-44.79264123,171.0881479
-44.78900161,171.0857367
-44.78628215,171.0845601
-44.79167991,171.0843867
-44.79531956,171.0867979
-44.78709931,171.0794782
-44.78795761,171.0769227
-44.78609628,171.073191
-44.79333468,171.0754851
-44.79243505,171.0755141
-44.78425558,171.0707228
-44.78421406,171.0681964
-44.78149442,171.0670208
-44.78061557,171.0683131
-44.78235244,171.0644653
-44.78235244,171.0644653
-44.79237293,171.071724
-44.79055294,171.0705189
-44.78952861,171.0629682
-44.78864981,171.0642608
-44.78952861,171.0629682
-44.76947604,171.1027895
-44.78670454,171.0554765
-44.78668363,171.0542133
-44.78580492,171.0555059
-44.78222733,171.0568864
-44.78308514,171.0543308
-44.7849053,171.0555352
-44.78762506,171.0567104
-44.78670454,171.0554765
-44.78576307,171.0529794
-44.7866627,171.05295
-44.78664176,171.0516868
-44.78754137,171.0516574
-44.78752042,171.0503941
-44.78749945,171.0491308
-44.78749945,171.0491308
-44.78572117,171.050453
-44.78570021,171.0491898
-44.78655784,171.0466338
-44.78662079,171.0504235
-44.78735226,171.0402881
-44.78915149,171.0402289
-44.79005112,171.0401993
-44.79095073,171.0401697
-44.79095073,171.0401697
-44.79095073,171.0401697
-44.79003003,171.038936
-44.79000893,171.0376727
-44.79003003,171.038936
-44.78735226,171.0402881
-44.7882097,171.0377319
-44.78816746,171.0352054
-44.79084517,171.033853
-44.79082402,171.0325897
-44.78992441,171.0326194
-44.79438014,171.029944
-44.79438014,171.029944
-44.79521613,171.026124
-44.79519489,171.0248606
-44.79517364,171.0235972
-44.79607325,171.0235673
-44.79558064,170.9945085
-44.79555906,170.9932451
-44.79551585,170.9907182
-44.79986221,170.9817218
-44.79984048,170.9804583
-44.79984048,170.9804583
-44.80343891,170.9803362
-44.80256102,170.9816303
-44.80159621,170.9778702
-44.80159621,170.9778702
-44.80159621,170.9778702
-44.80159621,170.9778702
-44.80159621,170.9778702
-44.80159621,170.9778702
-44.80159621,170.9778702
-44.80159621,170.9778702
-44.80159621,170.9778702
-44.80159621,170.9778702
-44.80159621,170.9778702
-44.80159621,170.9778702
-44.80159621,170.9778702
-44.80159621,170.9778702
-44.80159621,170.9778702
-44.80159621,170.9778702
-44.80161796,170.9791337
-44.80159621,170.9778702
-44.80067483,170.9766372
-44.80157444,170.9766066
-44.80157444,170.9766066
-44.80157444,170.9766066
-44.80157444,170.9766066
-44.80243047,170.9740489
-44.80157444,170.9766066
-44.80157444,170.9766066
-44.80247404,170.9765761
-44.80247404,170.9765761
-44.80157444,170.9766066
-44.80157444,170.9766066
-44.80159621,170.9778702
-44.80159621,170.9778702
-44.80157444,170.9766066
-44.80157444,170.9766066
-44.80157444,170.9766066
-44.80245226,170.9753125
-44.80240866,170.9727854
-44.80218981,170.9601498
-44.80063126,170.9741102
-44.80153086,170.9740795
-44.80150905,170.972816
-44.80238683,170.9715218
-44.80240866,170.9727854
-44.80142168,170.9677618
-44.79108588,170.9428333
-44.78926452,170.9416323
-44.78836492,170.9416634
-44.78562177,170.9392304
-44.78834275,170.9404002
-44.78834275,170.9404002
-44.78836492,170.9416634
-44.78836492,170.9416634
-44.78834275,170.9404002
-44.78834275,170.9404002
-44.76563025,170.9285507
-44.76295373,170.9299074
-44.79187457,170.9364856
-44.79185235,170.9352223
-44.79003091,170.9340214
-44.79003091,170.9340214
-44.77075918,170.9132085
-44.78875117,170.9125773
-44.77078165,170.9144713
-44.78877364,170.9138405
-44.74297615,170.8699754
-44.74297615,170.8699754
-44.74297615,170.8699754
-44.74470642,170.8661241
-44.74470642,170.8661241
-44.77413965,171.1719645
-44.77413965,171.1719645
-44.77413965,171.1719645
-44.77413965,171.1719645
-44.77413965,171.1719645
-44.77413965,171.1719645
-44.77568255,171.15549
-44.77658218,171.1554622
-44.77658218,171.1554622
-44.77660199,171.1567253
-44.78022034,171.1578772
-44.78110018,171.1565863
-44.78110018,171.1565863
-44.78111997,171.1578494
-44.79360779,171.0942618
-44.79354628,171.0904716
-44.79346408,171.0854181
-44.79346408,171.0854181
-44.79346408,171.0854181
-36.8736848,174.8669508
-44.80148861,170.9776785
-44.80151682,170.975169
-44.78115553,171.1580236
-44.7905727,171.1273976
-44.79274381,171.0944648
-44.79427164,171.1336017
-44.79603078,171.1310185
-44.79872966,171.1309339
-44.79601069,171.129755
-44.80296561,171.114366
-44.80204572,171.1131308
-44.80116635,171.1144229
-44.80206599,171.1143944
-44.80116635,171.1144229
-44.80010421,171.104343
-44.80159621,170.9778702
-44.80159621,170.9778702
-44.80159621,170.9778702
-44.80159621,170.9778702
-44.79014195,170.9403379
-44.78924235,170.940369
-44.78836492,170.9416634
-44.78748747,170.9429577
-44.78836492,170.9416634
-44.77988219,171.1571783
-44.78077588,171.1567716
-44.78104974,171.1570159
-44.78115157,171.157771
-44.78132556,171.1573865
-44.78123956,171.1576419
-44.78140958,171.1570047
-44.78114365,171.1572657
-44.78115355,171.1578973
-44.78124154,171.1577682
-44.78123956,171.1576419
-44.78117531,171.1592867
-44.78113574,171.1567604
-44.78291521,171.1554417
-44.77505519,171.1708481
-44.77415554,171.1708757
-44.77415554,171.1708757
-44.77415554,171.1708757
-44.77415554,171.1708757
-44.77415554,171.1708757
-44.77415554,171.1708757
-44.77415554,171.1708757
-44.76773994,171.1634916
-44.76773994,171.1634916
-44.76773994,171.1634916
-44.76773994,171.1634916
-44.78115553,171.1580236
-44.78115553,171.1580236
-44.78115553,171.1580236
-44.78113574,171.1567604
-44.78027566,171.1593145
-44.78115553,171.1580236
-44.78115553,171.1580236
-44.78113574,171.1567604
-44.79097229,171.1526646
-44.79874974,171.1321974
-44.79926564,171.1081622
-44.72727751,171.1546355
-44.72737739,171.1552637
-44.72773527,171.1551264
-44.72756128,171.1555106
-44.72622369,171.1563094
-44.72765521,171.1557602
-44.73903002,171.1694262
-44.73895125,171.1643773
-44.73957345,171.1466782
-44.73957345,171.1466782
-44.73957345,171.1466782
-44.73957345,171.1466782
-44.73957345,171.1466782
-44.73957345,171.1466782
-44.73957345,171.1466782
-44.73957345,171.1466782
-44.73957345,171.1466782
-44.73957345,171.1466782
-44.73957345,171.1466782
-44.73957345,171.1466782
-44.73857406,171.140395
-44.7394137,171.1365803
-44.73943371,171.1378425
-44.73851405,171.1366084
-44.73851405,171.1366084
-44.73851405,171.1366084
-44.73849402,171.1353462
-44.73939367,171.135318
-44.73995065,171.1138317
-44.73641283,171.117732
-44.73639259,171.1164698
-44.74937667,171.0844825
-44.74656975,171.0398606
-44.74877357,171.047872
-44.74603265,171.0454357
-44.74596951,171.0416486
-44.74599058,171.042911
-44.74596951,171.0416486
-44.74596951,171.0416486
-44.74588514,171.0365992
-44.74588514,171.0365992
-44.74496438,171.0353665
-44.74496438,171.0353665
-44.7395243,171.03302
-44.7395243,171.03302
-44.7395243,171.03302
-44.7395243,171.03302
-44.73037953,171.0244828
-44.72943735,171.0219886
-44.72943735,171.0219886
-44.72945863,171.0232506
-44.72943735,171.0219886
-44.72943735,171.0219886
-44.72943735,171.0219886
-44.72851643,171.0207565
-44.75914634,171.0222655
-44.75914634,171.0222655
-44.76171729,171.0145998
-44.76261691,171.0145698
-44.76966399,171.0054898
-44.77054214,171.0041968
-44.77054214,171.0041968
-44.77401151,170.9964985
-44.77142028,171.0029038
-44.77401151,170.9964985
-44.77844484,170.992558
-44.77932285,170.9912646
-44.77116141,170.9877491
-44.78287804,170.9886169
-44.78197842,170.9886473
-44.78193511,170.9861211
-44.78193511,170.9861211
-44.78191343,170.984858
-44.78193511,170.9861211
-44.78101382,170.9848884
-44.78636808,170.9821793
-44.64760847,171.1369219
-44.71768163,171.128422
-44.71852086,171.1246085
-44.70964504,171.1324607
-44.70960487,171.1299375
-44.68203527,171.150987
-44.67779355,171.1107492
-44.68221046,171.1055629
-44.68221046,171.1055629
-44.69004131,171.0889107
-44.69004131,171.0889107
-44.69004131,171.0889107
-44.69006186,171.0901719
-44.69004131,171.0889107
-44.69004131,171.0889107
-44.69094096,171.0888819
-44.69002074,171.0876496
-44.69004131,171.0889107
-44.69004131,171.0889107
-44.69004131,171.0889107
-44.69004131,171.0889107
-44.69004131,171.0889107
-44.69004131,171.0889107
-44.6891211,171.0876784
-44.6891211,171.0876784
-44.6891211,171.0876784
-44.69004131,171.0889107
-44.69004131,171.0889107
-44.68905933,171.083895
-44.68803576,171.0763572
-44.68711541,171.0751251
-44.68621576,171.0751541
-44.6852954,171.0739221
-44.65562426,171.0219136
-44.65560295,171.0206532
-44.65562426,171.0219136
-44.65472461,171.0219435
-44.65470331,171.0206831
-44.65562426,171.0219136
-44.64668645,170.9730338
-44.64668645,170.9730338
-44.66301075,170.9800465
-44.68961849,171.0094292
-44.63063463,171.1450144
-44.63061467,171.1437545
-44.62971499,171.1437824
-44.62971499,171.1437824
-44.6305947,171.1424946
-44.6305947,171.1424946
-44.6305947,171.1424946
-44.6305947,171.1424946
-44.62969503,171.1425226
-44.62969503,171.1425226
-44.62883527,171.1450702
-44.62973495,171.1450423
-44.62973495,171.1450423
-44.62973495,171.1450423
-44.62969503,171.1425226
-44.6305947,171.1424946
-44.62967504,171.1412627
-44.63055472,171.1399748
-44.63055472,171.1399748
-44.63055472,171.1399748
-44.63053471,171.1387149
-44.632294,171.136139
-44.632294,171.136139
-44.63049465,171.1361951
-44.63135421,171.1336473
-44.61350838,171.0875788
-44.61440804,171.08755
-44.61350838,171.0875788
-44.61258812,171.0863482
-44.61256751,171.0850887
-44.61346719,171.0850598
-44.61401453,171.0636191
-44.61399368,171.0623596
-44.61491419,171.0635899
-44.62060156,171.0268555
-44.62060156,171.0268555
-44.62150122,171.0268258
-44.62150122,171.0268258
-44.62969503,171.1425226
-44.62879535,171.1425505
-44.62883527,171.1450702
-44.62789568,171.1425785
-44.62875538,171.1400308
-44.62874937,171.1401011
-44.62967504,171.1412627
-44.62966379,171.1411563
-44.62981737,171.1400243
-44.63053471,171.1387149
-44.63055472,171.1399748
-44.6034676,171.0790806
-44.60344692,171.0778214
-44.58409539,171.050734
-44.58225404,171.048275
-44.57771737,170.9930083
-44.57769575,170.9917496
-44.57769575,170.9917496
-44.61824073,171.0470983
-44.61083251,171.0347393
-44.611711,171.0334502
-44.59136332,171.0013675
-44.60991168,171.0335095
-44.59136332,171.0013675
-44.611711,171.0334502
-44.59136332,171.0013675
-44.59046366,171.0013977
-44.58578978,171.1552227
-44.58578978,171.1552227
-44.58578978,171.1552227
-44.58668946,171.1551949
-44.58578978,171.1552227
-44.58578978,171.1552227
-44.588469,171.1538804
-44.5875693,171.1539082
-44.5875693,171.1539082
-44.5875693,171.1539082
-44.588469,171.1538804
-44.59290779,171.1499642
-44.59198821,171.148733
-44.59198821,171.148733
-44.5910686,171.1475018
-44.59012904,171.1450117
-44.56670462,171.0878175
-44.56488466,171.0866166
-44.56398498,171.0866454
-44.56398498,171.0866454
-44.54875472,170.9839111
-44.5570467,170.9949621
-44.53206616,171.1166106
-44.53204588,171.1153528
-44.53120698,171.1191544
-44.53026677,171.1166672
-44.5180597,171.0855988
-44.51983847,171.0842837
-44.52071753,171.0829973
-44.51981783,171.0830262
-44.51789436,171.0755391
-44.51697394,171.0743106
-44.51785288,171.0730242
-44.51304164,171.0543089
-44.5177073,171.064222
-44.51858613,171.0629354
-44.51858613,171.0629354
-44.51858613,171.0629354
-44.51038446,171.0569113
-44.51038446,171.0569113
-44.51126321,171.0556248
-44.53249597,171.0876533
-44.53067599,171.0864531
-44.5297969,171.0877396
-44.5278944,171.0815088
-44.52697405,171.08028
-44.52697405,171.08028
-44.52902709,170.9883523
-44.52902709,170.9883523
-44.52902709,170.9883523
-44.51455744,171.2052228
-44.51363842,171.2039924
-44.51363842,171.2039924
-44.51363842,171.2039924
-44.51189688,171.2078185
-44.51185831,171.2053038
-44.51189688,171.2078185
-44.51277731,171.2065342
-44.51277731,171.2065342
-44.51097788,171.2065881
-44.50544425,171.1979493
-44.50630517,171.1954077
-44.50714659,171.1916088
-44.50802684,171.1903244
-44.49992942,171.1905691
-44.50080966,171.1892848
-44.49990995,171.189312
-44.51257527,171.1360941
-44.44035014,171.1607434
-44.41824092,171.2646234
-44.41824092,171.2646234
-44.41825957,171.2658788
-44.41825957,171.2658788
-44.41825957,171.2658788
-44.41825957,171.2658788
-44.42330119,171.2418685
-44.42240145,171.2418949
-44.42150171,171.2419212
-44.41972113,171.2432294
-44.42062087,171.2432031
-44.42062087,171.2432031
-44.41880249,171.2420004
-44.41880249,171.2420004
-44.41968331,171.2407186
-44.41788383,171.2407714
-44.41788383,171.2407714
-44.4178649,171.2395161
-44.41876464,171.2394897
-44.41964543,171.2382078
-44.4151846,171.2408506
-44.41822224,171.263368
-44.41822224,171.263368
-44.41822224,171.263368
-44.41730381,171.2621387
-44.41889813,171.2423744
-44.41853446,171.2421339
-44.41871629,171.2422541
-44.41853824,171.2423849
-44.41836207,171.2426413
-44.41908186,171.2426202
-44.41882517,171.2435069
-44.41882139,171.2432558
-44.41864523,171.2435121
-44.41883084,171.2438835
-44.41820479,171.244153
-44.41799273,171.2427445
-44.42440849,171.2419214
-44.41729069,171.2520251
-44.41897213,171.2532989
-44.41733881,171.2463949
-44.41809117,171.2545804
-44.40904551,171.2243314
-44.4851617,171.1671253
-44.46127181,171.1364346
-44.43723031,171.0969787
-44.4372508,171.0982345
-44.43723031,171.0969787
-44.43723031,171.0969787
-44.43723031,171.0969787
-44.43723031,171.0969787
-44.43085023,171.0921565
-44.43082966,171.0909009
-44.43078851,171.0883898
-44.43170881,171.0896166
-44.43078851,171.0883898
-44.43078851,171.0883898
-44.43078851,171.0883898
-44.41315402,171.0562998
-44.49838186,171.2069654
-44.49744355,171.2044782
-44.49658243,171.2070193
-44.49673626,171.2170755
-44.48983724,171.1782994
-44.48132519,171.1521551
-44.46039215,171.1377189
-44.46127181,171.1364346
-44.42995051,171.0921852
-44.43170881,171.0896166
-44.43168822,171.088361
-44.49928158,171.2069384
-43.24796411,172.7005633
-43.24794538,172.7005273
-43.24800659,172.7006047
-43.24799193,172.7006278
-43.2479624,172.7006021
-43.247935,172.7005792
-43.24572602,172.6989755
-43.24577446,172.6989954
-43.24581452,172.6990297
-43.24575129,172.698984
-43.23974687,172.6959122
-43.24696787,172.7165561
-42.82543222,173.2542591
-42.8254731,173.2542556
-42.82551941,173.2542521
-42.82238687,173.2563464
-42.82279038,173.2558435
-42.81318531,173.2613559
-42.81992799,173.2662886
-42.81989407,173.2664072
-42.81987054,173.2665279
-42.81986003,173.2666281
-42.73110714,173.2761629
-42.73323623,173.2748458
-42.81340683,173.2621953
-42.81348531,173.2631726
-42.82621798,173.2540035
-42.82435229,173.2546639
-42.82212448,173.2568653
-42.82092181,173.2614441
-42.82021534,173.2631812
-42.81836266,173.2717493
-42.8182953,173.2718559
-42.81828601,173.2718747
-42.82499499,173.2543632
-42.81964572,173.2645132
-42.81962453,173.2645622
-42.81960935,173.2646153
-42.82100085,173.2544359
-42.82087178,173.2615568
-42.82119065,173.2593761
-42.82117206,173.2595004
-42.82005975,173.2635124
-42.81918815,173.266319
-42.82008742,173.2634254
-42.82056593,173.2623456
-43.37608796,172.6316665
-43.37722809,172.6328346
-43.37769206,172.6326481
-43.37773359,172.6325989
-43.37798324,172.6324463
-43.3809281,172.631412
-43.38109457,172.6313211
-43.38128503,172.6312792
-43.35669448,172.625908
-43.34263375,172.6025625
-43.34386882,172.6028483
-43.34457943,172.6030395
-43.35139251,172.6314234
-43.35131651,172.6314957
-43.34520544,172.6366314
-43.34704957,172.6408964
-43.34744204,172.6451703
-43.3474476,172.6450824
-43.34746009,172.6453461
-43.34553564,172.6364432
-43.34550241,172.6364825
-43.35333149,172.6512431
-43.35298156,172.6513365
-43.35295777,172.6513464
-43.35288631,172.6513533
-43.35280063,172.6513799
-43.35278401,172.6513996
-43.52036677,171.6616291
-43.52137072,171.6635692
-43.52143302,171.6636887
-43.52150907,171.6638265
-43.50793181,171.644256
-43.507995,171.6444391
-43.83664772,172.1211686
-43.83671396,172.1214165
-43.67180066,171.8542721
-43.67175589,171.8546282
-43.51888796,171.650827
-43.51983464,171.6568101
-43.51982263,171.6567842
-43.51957661,171.6561345
-43.51932322,171.6572236
-43.51954289,171.6592767
-43.51932435,171.6575475
-43.50796456,171.6442894
-43.50803342,171.6444859
-43.50803185,171.6443539
-43.74812851,172.0344995
-43.57815187,172.5971972
-43.57437995,172.5930709
-43.57441346,172.5931165
-43.57317902,172.5916569
-43.57284389,172.591207
-43.57282504,172.5912661
-43.57504486,172.5938135
-43.5837732,172.595295
-43.58384313,172.5953265
-43.60832224,172.5588974
-43.60829667,172.5589759
-43.60831068,172.5590304
-43.61018515,172.5697464
-43.61014324,172.5697224
-43.61013986,172.5697714
-43.62289463,172.5697738
-43.62804743,172.5641088
-43.62798863,172.5641855
-43.62819913,172.564184
-43.62825073,172.5641531
-43.62830612,172.5641527
-43.62886353,172.5640826
-43.62836523,172.5641574
-43.62877126,172.5640985
-43.63883762,172.5608338
-43.64466146,172.5565936
-43.64468553,172.5565897
-43.64462394,172.5565901
-43.65241426,172.5543718
-43.65254635,172.5543991
-43.65247292,172.5543714
-43.65269259,172.554293
-43.65262836,172.5543702
-43.6563828,172.5612463
-43.65640254,172.5611041
-43.65638777,172.5608415
-43.65648017,172.56083
-43.65645486,172.5608979
-43.65647897,172.5615452
-43.65732543,172.5665729
-43.65738623,172.5666506
-43.65782051,172.5692961
-43.65794714,172.5700301
-43.65805408,172.5705937
-43.65817103,172.5712885
-43.65876536,172.5740912
-43.65876268,172.5741426
-43.65874007,172.5742336
-43.65857945,172.5788759
-43.65325929,172.5812088
-43.66286116,172.5737882
-43.66316061,172.5720908
-43.65822741,172.5593712
-43.6627715,172.5481493
-43.66280267,172.5480703
-43.66280536,172.5480269
-43.66366637,172.5421017
-43.66355166,172.5420493
-43.65850014,172.515233
-43.42138156,172.6456788
-43.25907121,172.6598196
-43.25906894,172.6598587
-43.25907409,172.658382
-43.25892083,172.6589175
-43.25897531,172.6588129
-43.25902489,172.6586626
-42.72541562,173.2820951
-42.7250172,173.2824045
-42.72463396,173.2827554
-42.72422014,173.2831062
-42.72382157,173.2834777
-42.81839979,173.2717023
-42.81840677,173.2716866
-42.82448684,173.2825055
-42.82040972,173.2730955
-42.82046131,173.2732165
-42.82052026,173.2733577
-42.82059396,173.2735292
-42.8260032,173.2830577
-42.83622113,173.2793875
-42.83617592,173.2794438
-43.38147491,172.6347794
-43.38149378,172.6347205
-43.38160222,172.6343606
-43.38385858,172.6307279
-43.38381085,172.6307021
-43.38379652,172.6176123
-43.38268775,172.6166099
-43.38265676,172.6166036
-43.38077971,172.6152567
-43.38077532,172.6153677
-43.38081868,172.6155112
-43.38086697,172.6157003
-43.3808528,172.6157396
-43.38068454,172.6138789
-43.38066922,172.613572
-43.38075758,172.6087179
-43.38077197,172.6087472
-43.38104974,172.6098625
-43.38975233,172.6035674
-43.38977603,172.6035314
-43.3890978,172.6040903
-43.38707241,172.6057048
-43.38291494,172.6091091
-43.38295293,172.6090696
-43.38163656,172.6100841
-43.3816698,172.6100512
-43.38060019,172.6128816
-43.37981693,172.6151631
-43.37980758,172.6152187
-43.37744317,172.6191659
-43.37744578,172.6192344
-43.37767919,172.6206537
-43.37772474,172.6207416
-43.37834462,172.6252253
-43.37837089,172.625248
-43.37838505,172.6252055
-43.37831523,172.6271721
-43.37832486,172.6272047
-43.37610717,172.6317154
-43.37611907,172.6317121
-43.37328198,172.6290333
-43.35006234,172.6518526
-43.27320057,172.6926751
-43.26742758,172.7061423
-43.26736073,172.7060905
-43.24991787,172.7145583
-43.24985246,172.7145993
-43.20694439,172.744636
-43.20693295,172.7448477
-43.21890165,172.7499661
-43.18645885,172.7485169
-43.18650343,172.7485045
-43.18665033,172.748382
-43.18674841,172.7483755
-43.18682422,172.7483691
-43.16764587,172.7241992
-43.16764559,172.7240835
-43.16755654,172.7241387
-43.16751225,172.7242669
-43.18750722,172.7483019
-43.18755006,172.7482756
-43.18754068,172.7483473
-43.18836491,172.7483049
-43.18847447,172.7482914
-43.18935112,172.7482487
-43.24450419,172.6837523
-43.2521885,172.6689268
-43.25644343,172.6689039
-42.87004716,172.6312544
-42.87917374,172.6474665
-42.88365892,172.7378666
-42.88410164,172.7385942
-42.88444152,172.739192
-42.88520351,172.7428033
-42.88405076,172.7451213
-42.89673632,172.7202323
-42.89681236,172.7201471
-42.89684672,172.7200244
-42.93845669,172.9149643
-42.93843765,172.9150033
-42.82634292,173.2539491
-42.82622649,173.2527315
-42.82626484,173.2526281
-42.82637089,173.2499096
-42.82639962,173.2498449
-42.82644739,173.2497934
-42.82647618,173.2497028
-42.82690814,173.2482868
-42.82693694,173.2481898
-42.82699461,173.2479635
-42.82734548,173.246573
-42.82738376,173.2465019
-42.82792358,173.2436556
-42.82799533,173.2435264
-42.82810154,173.2428794
-42.82813034,173.2427824
-42.8283617,173.2415403
-42.8300609,173.2379425
-42.83003458,173.2379958
-42.82999634,173.2380539
-42.8295894,173.2389587
-42.82859133,173.2399842
-42.82859621,173.239926
-42.82221398,173.2560327
-42.82221854,173.2561234
-43.37643603,172.6319296
-43.37639881,172.6318935
-43.37342695,172.6291576
-43.3734136,172.629125
-43.37339492,172.6290888
-43.37343774,172.6292156
-43.37330789,172.6292201
-43.15836708,172.7937381
-43.17097852,172.7831766
-43.17411847,172.7720524
-43.130054,172.7801311
-42.92762326,172.6535077
-43.17798099,172.7601725
-43.17792391,172.7602216
-43.17131059,172.7665496
-43.17132123,172.7665676
-42.91193999,173.2825931
-42.9119557,173.2825676
-42.91197145,173.2825251
-42.91239108,173.2785931
-42.90932564,173.2728021
-42.90930369,173.272819
-42.90923356,173.2729289
-42.87626066,172.766965
-42.87619644,172.7670235
-42.87544466,172.7699321
-42.87545201,172.770039
-42.93847159,172.9149214
-42.8699234,172.6312209
-42.8699438,172.6312859
-42.86997163,172.6313098
-42.87006502,172.6313195
-42.87002716,172.6313129
-42.87080487,172.6314695
-42.87078463,172.6314525
-42.87090074,172.6314621
-42.87092348,172.6314722
-42.87095393,172.6315235
-43.15831429,172.7937969
-43.15834,172.793787
-43.1583014,172.7937794
-43.15829564,172.7937598
-43.15837852,172.7937381
-43.13015113,172.7800891
-43.13031444,172.7797814
-43.13030692,172.7798309
-43.13034493,172.7797709
-43.13037344,172.7797318
-42.87917087,172.6474946
-42.87938918,172.6469514
-42.87945107,172.6469109
-42.87946526,172.6467261
-42.87947111,172.646708
-42.87945194,172.6467161
-42.87948061,172.6469147
-42.87937445,172.6469635
-42.87932394,172.6473412
-42.87873466,172.6487095
-42.87874655,172.6487376
-42.87895094,172.649435
-42.88358824,172.7377995
-42.88350377,172.7375329
-42.88346956,172.7375771
-42.88344466,172.7375228
-42.88345237,172.7375617
-42.88347533,172.7375978
-42.88352121,172.7376598
-42.88359783,172.7378228
-42.88360933,172.7378513
-42.88376028,172.7380139
-42.88375262,172.7379958
-42.88381222,172.7382237
-42.88407418,172.7385848
-42.88410517,172.7386171
-42.88444541,172.7392257
-42.8844607,172.7392464
-42.88450999,172.7391848
-42.88459923,172.7393003
-42.88461465,172.7393181
-42.88482198,172.7396728
-42.88516999,172.7410218
-42.88515893,172.740989
-42.88515443,172.7409412
-42.90910453,173.2730826
-42.90909221,173.2730527
-42.9090723,173.2730137
-42.90906889,173.2732432
-42.90903142,173.2733701
-42.90916844,173.2730608
-43.58039672,172.6204123
-43.58039672,172.6204123
-43.58039672,172.6204123
-43.58039672,172.6204123
-43.74707876,172.3297633
-43.74703641,172.3297919
-43.74696241,172.329822
-43.74681582,172.3299301
-43.7466665,172.3300599
-43.74643174,172.3302439
-43.74633914,172.3302962
-43.74626732,172.3302359
-43.74695168,172.3296979
-43.74699025,172.3296955
-43.74732176,172.3294355
-43.74733456,172.3294235
-43.74736014,172.3293996
-43.7474625,172.3293058
-43.74768243,172.3292737
-43.74793131,172.32906
-43.74790569,172.329078
-43.74810346,172.328924
-43.74818464,172.3288738
-43.74875511,172.3284159
-43.74889741,172.3283079
-43.74891328,172.3283333
-43.74892034,172.3283175
-43.74887323,172.3283279
-43.74887195,172.3283535
-43.75027521,172.3270799
-43.75021198,172.3270214
-43.75023905,172.3270073
-43.75027726,172.3269438
-43.75017715,172.3269331
-43.75005552,172.3271533
-43.7505293,172.3262943
-43.75052197,172.3262648
-43.75043602,172.3264747
-43.75012331,172.3270145
-43.75056434,172.3261776
-43.75100978,172.3253641
-43.75161393,172.3240757
-43.76228289,172.3018682
-43.76717321,172.2882943
-43.76634224,172.291539
-43.76458359,172.2933901
-43.76478859,172.2934592
-43.76489333,172.2934128
-43.76533904,172.2933718
-43.76537293,172.2953267
-43.76542994,172.2952828
-43.76524968,172.2952454
-43.76525012,172.2953169
-43.76512291,172.2959205
-43.76472293,172.2967476
-43.7643923,172.2975418
-43.76378648,172.2988305
-43.7638038,172.2987644
-43.76560243,172.2973828
-43.76494409,172.2990051
-43.76467915,172.2993921
-43.76433257,172.3000341
-43.76335306,172.2991008
-43.76322795,172.2989386
-43.76357042,172.299063
-43.76356382,172.2991642
-43.76365876,172.2993395
-43.76394407,172.2996095
-43.76434363,172.3000076
-43.76432618,172.3001914
-43.76432912,172.3001672
-43.76409528,172.2997102
-43.7535026,172.3200301
-43.75314511,172.3208054
-43.75220395,172.3227834
-43.75162442,172.3239635
-43.74520801,172.3203766
-43.74585852,172.3221744
-43.74612302,172.3224461
-43.74683149,172.3219555
-43.74753216,172.321457
-43.74810966,172.3282501
-43.73205549,172.3291674
-43.73223208,172.3295636
-43.70523474,172.3035879
-43.70604475,172.3039305
-43.70762752,172.3048186
-43.708276,172.305057
-43.72341268,172.3165227
-43.72272641,172.3156425
-43.72268055,172.3155219
-43.72022576,172.3326374
-43.72028953,172.3327047
-43.71302637,172.404943
-43.69800746,172.4127405
-43.69797765,172.4128726
-43.69800596,172.4129355
-43.69805555,172.4130014
-43.69794286,172.4128544
-43.69797048,172.4127831
-43.68268907,172.4856932
-43.64302094,172.5358509
-43.64308274,172.5357763
-43.64826703,172.5340122
-43.6482883,172.5340411
-43.64682176,172.5345116
-43.64679573,172.5346174
-43.64676649,172.5345849
-43.64520723,172.5351356
-43.64483255,172.5352016
-43.64433772,172.5354292
-43.64388839,172.535576
-43.6431351,172.5357654
-43.64309806,172.5358747
-43.64313971,172.5358744
-43.64175817,172.5362636
-43.64140208,172.5363463
-43.3408161,172.6021334
-43.30794171,172.5653846
-43.30811412,172.5654355
-43.30824072,172.5655525
-43.30826071,172.5655414
-43.3078052,172.5745354
-43.30803807,172.5727347
-43.30807841,172.5723704
-43.3080952,172.5721628
-43.3088493,172.5664658
-43.30885407,172.5664184
-43.31056157,172.5531489
-43.3100944,172.5536799
-43.30973838,172.5535811
-43.31035589,172.5538154
-43.31296814,172.5295838
-43.31296647,172.5296412
-43.31336894,172.5146225
-43.31335216,172.5147087
-43.31333286,172.5146541
-43.31328484,172.5150147
-43.31326413,172.516881
-43.31323061,172.5168729
-43.31302294,172.5254848
-43.31821583,172.5288282
-43.320174,172.5262819
-43.32019523,172.5263096
-43.37758731,172.6360953
-43.37756198,172.6361596
-43.37751115,172.6362357
-43.37747835,172.6363153
-43.37731084,172.6327774
-43.37733546,172.6327354
-43.37735834,172.6327275
-43.377021,172.6327295
-43.3733307,172.6290261
-43.37324269,172.6289222
-43.37322925,172.6288909
-44.51472194,171.2042115
-44.51429139,171.2054824
-44.51241743,171.206545
-44.51294376,171.2056486
-44.51267191,171.205531
-44.51267191,171.205531
-44.51276574,171.2057797
-44.5126777,171.2059082
-44.51267577,171.2057824
-44.38195069,171.2455909
-44.38195069,171.2455909
-44.38105094,171.2456172
-44.38105094,171.2456172
-44.41284244,171.2647796
-44.41284244,171.2647796
-44.41284244,171.2647796
-44.41284244,171.2647796
-44.41284244,171.2647796
-44.41284244,171.2647796
-44.40287046,171.2600458
-44.40287046,171.2600458
-44.39749068,171.2614574
-44.39749068,171.2614574
-44.39749068,171.2614574
-44.39749068,171.2614574
-44.39749068,171.2614574
-44.39749068,171.2614574
-44.39749068,171.2614574
-44.39657223,171.2602285
-44.39659094,171.2614834
-44.39659094,171.2614834
-44.39659094,171.2614834
-44.39391038,171.2628165
-44.38285044,171.2455645
-44.38195069,171.2455909
-44.38195069,171.2455909
-44.38195069,171.2455909
-44.51545716,171.2051959
-44.51545716,171.2051959
-44.3910612,171.2528564
-44.34697323,171.25414
-44.39102358,171.2503468
-44.39100475,171.249092
-44.39008617,171.2478635
-44.57867151,171.1604799
-44.57775203,171.1592488
-44.57775203,171.1592488
-44.91341946,171.1551992
-44.91341946,171.1551992
-44.79218759,171.1728508
-44.73903002,171.1694262
-44.66869883,171.1614904
-44.38195069,171.2455909
-44.35237343,171.2661516
-44.35237528,171.266277
-44.35219906,171.266533
-44.35157856,171.2671782
-44.35263962,171.265893
-44.35228531,171.2662796
-44.3520979,171.2657832
-44.35174173,171.2660444
-44.35272586,171.2656396
-44.29149902,171.3385897
-44.29138758,171.337089
-44.29156575,171.3369587
-44.29165215,171.3367057
-44.29173855,171.3364526
-44.29077562,171.3383591
-44.35218601,171.2656552
-44.35173613,171.2656682
-44.3518317,171.2660418
-44.35147366,171.2661776
-44.35210349,171.2661594
-44.35156736,171.2664258
-44.35137996,171.2659294
-44.35165175,171.266047
-44.35219347,171.2661568
-44.35139861,171.2671833
-44.36941072,171.2497223
-44.36852979,171.2510028
-44.35345873,171.2664966
-44.35255897,171.2665226
-44.35164055,171.2652946
-44.36941072,171.2497223
-44.36941072,171.2497223
-44.30740559,171.3179679
-44.30740559,171.3179679
-44.35257762,171.2677766
-44.35257762,171.2677766
-44.36131293,171.2499585
-44.36395564,171.2461171
-44.36941072,171.2497223
-44.36234416,171.2587115
-44.35966361,171.260044
-44.37031048,171.249696
-44.36586813,171.25359
-44.36586813,171.25359
-44.36320642,171.256177
-44.36142566,171.2574835
-44.35964488,171.2587899
-44.36146313,171.2599918
-44.35698305,171.2613763
-44.36054464,171.2587638
-44.35964488,171.2587899
-44.35968233,171.2612981
-44.35968233,171.2612981
-44.35968233,171.2612981
-44.35347737,171.2677506
-44.3560833,171.2614024
-44.35257762,171.2677766
-44.35164055,171.2652946
-44.35165921,171.2665486
-44.35165921,171.2665486
-44.35165921,171.2665486
-44.35165921,171.2665486
-44.35077809,171.2678285
-44.35075944,171.2665746
-44.37031048,171.249696
-44.37031048,171.249696
-44.37117253,171.247161
-44.35905336,171.2581406
-44.36410618,171.2561509
-44.36058208,171.2612721
-44.35964488,171.2587899
-44.35523959,171.2651906
-44.35523959,171.2651906
-44.35257762,171.2677766
-44.35164055,171.2652946
-44.35077809,171.2678285
-44.35165921,171.2665486
-44.35077809,171.2678285
-44.35077809,171.2678285
-44.34807881,171.2679064
-44.36941072,171.2497223
-44.37117253,171.247161
-44.37117253,171.247161
-44.37115367,171.2459067
-44.37115367,171.2459067
-44.37122905,171.2509241
-44.37122905,171.2509241
-44.36849213,171.2484942
-44.37029164,171.2484417
-44.36640806,171.2458333
-44.37122905,171.2509241
-44.37122905,171.2509241
-44.37031048,171.249696
-44.37122905,171.2509241
-44.37122905,171.2509241
-44.35164055,171.2652946
-44.35165921,171.2665486
-44.35075944,171.2665746
-44.34987833,171.2678545
-44.34899719,171.2691343
-44.34633513,171.2717199
-44.332161,171.2871769
-44.30209721,171.3243837
-44.3640874,171.2548966
-44.3640874,171.2548966
-44.35165921,171.2665486
-44.35165921,171.2665486
-44.34987833,171.2678545
-44.34987833,171.2678545
-44.34897857,171.2678805
-44.34633513,171.2717199
-44.34189203,171.2756107
-44.34189203,171.2756107
-44.05295789,171.807452
-44.05305172,171.8078246
-44.15765679,171.5622148
-44.15765679,171.5622148
-44.14097169,171.5963605
-44.14005675,171.5951319
-44.14005675,171.5951319
-44.14005675,171.5951319
-44.13042772,171.6178506
-44.12951302,171.6166218
-44.12861316,171.6166425
-44.12951302,171.6166218
-44.93481116,171.1418657
-44.93481116,171.1418657
-44.93481116,171.1418657
-44.93481116,171.1418657
-44.93481116,171.1418657
-44.93387166,171.1393609
-44.94288754,171.1403464
-44.93387166,171.1393609
-44.93387166,171.1393609
-44.94274755,171.1314799
-44.94274755,171.1314799
-44.94274755,171.1314799
-44.94274755,171.1314799
-44.94274755,171.1314799
-44.93195244,171.1318186
-44.92786896,171.1015397
-44.92604939,171.1003308
-44.92604939,171.1003308
-44.92600858,171.0977982
-44.92600858,171.0977982
-44.92602899,171.0990645
-44.92602899,171.0990645
-44.90522306,170.9844767
-44.8733071,170.7627602
-44.87238343,170.7615291
-44.87238343,170.7615291
-44.87345156,170.7703505
-44.87145974,170.760298
-44.8714356,170.759033
-44.87046351,170.755272
-44.93393149,171.1431602
-44.77072051,170.5404049
-44.93054734,171.1001872
-44.92694898,171.1003021
-44.92692858,171.0990358
-44.92872776,171.0989783
-44.92872776,171.0989783
-44.93232612,171.0988634
-44.93142653,171.0988921
-44.93134478,171.0938265
-44.92864601,171.093913
-44.93312348,171.0925025
-44.93050653,171.0976545
-44.93142653,171.0988921
-44.93232612,171.0988634
-44.72976761,170.4764204
-44.73071609,170.4781706
-44.72889538,170.4777205
-44.72979489,170.4776822
-44.730533,170.4737289
-44.73010078,170.4768745
-44.730016,170.4765674
-44.72882032,170.4781029
-44.69136368,170.4248792
-44.69103727,170.4248326
-44.68956518,170.4272318
-44.57212015,170.19869
-44.57196515,170.1922727
-44.57145894,170.1936823
-44.57314521,170.1889414
-44.29482949,170.0422058
-44.29525994,170.0414321
-44.29564538,170.042416
-44.29742804,170.0452115
-44.57194026,170.1986984
-44.57209464,170.1939042
-44.57007023,170.1921104
-44.57193776,170.1911402
-44.57269854,170.1890886
-44.72911408,170.4890854
-44.72734219,170.4904234
-44.72736932,170.4916852
-44.72456219,170.4867524
-44.72456219,170.4867524
-44.72456219,170.4867524
-44.72456219,170.4867524
-44.72456219,170.4867524
-44.72456219,170.4867524
-44.72456219,170.4867524
-44.64100706,170.6239569
-44.64100706,170.6239569
-44.64100706,170.6239569
-44.64100706,170.6239569
-44.59288973,170.6485577
-44.59288973,170.6485577
-44.59288973,170.6485577
-44.72805143,170.4815527
-44.72802419,170.4802909
-44.72802419,170.4802909
-44.72998643,170.4877855
-44.72813305,170.4853381
-44.73004073,170.4903092
-44.73004073,170.4903092
-44.7282417,170.4903853
-44.7282417,170.4903853
-44.72627963,170.4828909
-44.72641554,170.4891997
-44.72641554,170.4891997
-44.72731505,170.4891616
-44.72644268,170.4904614
-44.72731505,170.4891616
-44.72644268,170.4904614
-44.72731505,170.4891616
-44.72731505,170.4891616
-44.72731505,170.4891616
-44.72644268,170.4904614
-44.72644268,170.4904614
-44.72644268,170.4904614
-44.72644268,170.4904614
-44.72641554,170.4891997
-44.72644268,170.4904614
-44.72644268,170.4904614
-44.72734219,170.4904234
-44.72734219,170.4904234
-44.72734219,170.4904234
-44.72734219,170.4904234
-44.72734219,170.4904234
-44.72734219,170.4904234
-44.72734219,170.4904234
-44.72644268,170.4904614
-44.72644268,170.4904614
-44.72646981,170.4917232
-44.72646981,170.4917232
-44.72736932,170.4916852
-44.72646981,170.4917232
-44.72557029,170.4917612
-44.72557029,170.4917612
-44.72557029,170.4917612
-44.72557029,170.4917612
-44.72557029,170.4917612
-44.72557029,170.4917612
-44.71289567,170.4885093
-44.71289567,170.4885093
-44.71289567,170.4885093
-44.71308542,170.4973396
-44.71120515,170.4936312
-44.71027853,170.4924077
-44.70054623,170.5003931
-44.70054623,170.5003931
-44.68915414,170.4731066
-44.68915414,170.4731066
-44.69020933,170.5222844
-44.69020933,170.5222844
-44.66922472,170.5092819
-44.66922472,170.5092819
-44.65527156,170.6170802
-44.62926133,170.6219048
-44.51433081,170.6818562
-44.51160695,170.680704
-44.50980774,170.6807741
-44.50888306,170.6795519
-44.44011001,170.6621208
-44.72734219,170.4904234
-44.72734219,170.4904234
-44.72734219,170.4904234
-44.72734219,170.4904234
-44.72734219,170.4904234
-44.72734219,170.4904234
-44.72734219,170.4904234
-44.72734219,170.4904234
-44.72734219,170.4904234
-44.72734219,170.4904234
-44.72734219,170.4904234
-44.72734219,170.4904234
-44.72734219,170.4904234
-44.72734219,170.4904234
-44.72734219,170.4904234
-44.72734219,170.4904234
-44.72734219,170.4904234
-44.72734219,170.4904234
-44.72734219,170.4904234
-44.72734219,170.4904234
-44.72734219,170.4904234
-44.72734219,170.4904234
-44.74309738,170.4695441
-44.74309738,170.4695441
-44.74394214,170.4669815
-44.74481424,170.4656809
-44.74481424,170.4656809
-44.74571374,170.4656424
-44.74481424,170.4656809
-44.74748534,170.4643033
-44.74748534,170.4643033
-44.74481424,170.4656809
-44.74388733,170.4644572
-44.74385991,170.4631951
-44.74135307,170.4721451
-44.74138039,170.4734071
-44.74138039,170.4734071
-44.74661324,170.465604
-44.74661324,170.465604
-44.74661324,170.465604
-44.74511485,170.4795646
-44.74511485,170.4795646
-44.74598709,170.4782642
-44.74506031,170.4770403
-44.74511485,170.4795646
-44.74595983,170.477002
-44.74595983,170.477002
-44.74598709,170.4782642
-44.74593253,170.4757398
-44.74593253,170.4757398
-44.74593253,170.4757398
-44.74593253,170.4757398
-44.74138039,170.4734071
-44.74138039,170.4734071
-44.7422799,170.4733688
-44.74135307,170.4721451
-44.74135307,170.4721451
-44.74574114,170.4669046
-44.7466954,170.4693905
-44.74484164,170.466943
-44.74394214,170.4669815
-44.74481424,170.4656809
-44.74383246,170.4619329
-44.74481424,170.4656809
-44.74571374,170.4656424
-44.74593253,170.4757398
-44.74481424,170.4656809
-44.74385991,170.4631951
-44.74481424,170.4656809
-44.74751275,170.4655655
-44.74571374,170.4656424
-44.74571374,170.4656424
-44.74917454,170.4591774
-44.75004657,170.4578765
-44.74745791,170.4630411
-44.88158609,171.0507301
-44.88158609,171.0507301
-44.87866556,171.0537373
-44.86582615,171.0611181
-44.86689525,171.0604505
-44.86627178,171.0608505
-44.86657706,171.0629921
-44.86666078,171.0626097
-44.8665729,171.0627391
-44.86676531,171.0634923
-44.85940105,171.0644911
-44.85940105,171.0644911
-44.85940105,171.0644911
-44.83611096,171.1101546
-44.82837424,171.1104
-44.82837424,171.1104
-44.82836816,171.1100207
-44.82836816,171.1100207
-44.82836816,171.1100207
-44.82849754,171.1350596
-44.82845747,171.1325313
-44.82931694,171.1299747
-44.82933703,171.1312389
-44.82849754,171.1350596
-44.82837165,171.1103258
-44.82845921,171.0494331
-44.82845921,171.0494331
-44.82118148,171.0720561
-44.82024038,171.0695573
-44.82024038,171.0695573
-44.82467614,171.0656193
-44.82467614,171.0656193
-44.82201885,171.068235
-44.82285612,171.0644137
-44.82285612,171.0644137
-44.82281448,171.0618856
-44.82281448,171.0618856
-44.82461371,171.0618271
-44.82461371,171.0618271
-44.82369325,171.0605923
-44.8236724,171.0593283
-44.80754047,171.0910836
-44.82633225,171.0898491
-44.79602409,171.164896
-44.79602409,171.164896
-44.79638985,171.165264
-44.79638985,171.165264
-44.79638985,171.165264
-44.79578614,171.1727406
-44.79488651,171.1727681
-44.79488651,171.1727681
-44.79398687,171.1727957
-44.79398687,171.1727957
-44.79398687,171.1727957
-44.79398687,171.1727957
-44.79398687,171.1727957
-44.79398687,171.1727957
-44.79398687,171.1727957
-44.79398687,171.1727957
-44.79398687,171.1727957
-44.79394761,171.1702688
-44.79390829,171.167742
-44.79838677,171.1663403
-44.79392795,171.1690054
-44.79748714,171.166368
-44.79664651,171.170186
-44.79488651,171.1727681
-44.79392795,171.1690054
-44.79126833,171.171615
-44.79478823,171.1664509
-44.80014664,171.1637579